Date,US_EQ,EU_EQ,EM_EQ,US_BOND,GOLD
2019-01-01,98.0194,99.7137,100.2785,99.3314,101.0031
2019-01-02,98.239,98.6492,100.3049,98.0696,103.1684
2019-01-03,98.7268,98.1761,101.3504,98.0007,102.615
2019-01-04,98.0274,94.199,102.2257,98.3917,100.5146
2019-01-07,99.8382,94.8597,100.399,98.9369,98.1774
2019-01-08,98.8846,94.6597,103.127,98.4313,97.7681
2019-01-09,99.7744,94.1639,100.0607,98.4532,96.8803
2019-01-10,98.5919,92.7776,103.4657,98.3879,96.5121
2019-01-11,97.5873,91.8251,102.6731,98.5242,96.9141
2019-01-14,95.6939,91.3701,106.1435,98.8414,97.6946
2019-01-15,94.3904,92.8156,107.3565,98.8303,98.3013
2019-01-16,93.3643,92.9381,105.6598,98.7975,98.4347
2019-01-17,94.3212,94.8878,106.171,99.1168,97.9059
2019-01-18,92.9807,94.3493,106.2541,98.7597,96.7393
2019-01-21,92.864,93.7999,103.7071,98.2352,96.7262
2019-01-22,92.6341,97.3889,103.7617,97.9508,96.6732
2019-01-23,92.4315,94.5124,100.6428,98.0163,96.5012
2019-01-24,92.7301,96.2518,100.209,98.0954,95.775
2019-01-25,92.5627,97.6862,96.5862,97.716,95.9164
2019-01-28,92.3563,97.2313,97.8183,97.3786,95.9628
2019-01-29,92.0103,96.3043,98.8293,98.6071,95.7009
2019-01-30,93.1242,94.3235,98.5004,98.8966,96.7507
2019-01-31,95.1187,92.3461,99.6958,99.512,96.0572
2019-02-01,96.8032,92.1632,100.8324,99.7501,96.098
2019-02-04,97.6647,91.4682,102.1269,99.9412,97.6871
2019-02-05,97.2901,92.7226,101.2954,100.3376,95.8487
2019-02-06,97.545,91.9244,102.2116,99.9512,94.138
2019-02-07,98.9583,93.4279,102.6928,99.5043,94.2065
2019-02-08,101.104,91.7271,103.1184,99.9212,94.3942
2019-02-11,102.7649,92.3519,105.5468,99.4627,94.5149
2019-02-12,104.2509,91.0119,102.5261,99.5517,96.6511
2019-02-13,103.4675,89.8894,102.8325,99.8368,96.514
2019-02-14,103.7907,90.7458,102.2545,99.9189,96.4807
2019-02-15,104.8476,88.9635,101.2617,98.9746,96.0296
2019-02-18,102.9967,87.397,102.4608,99.2521,96.11
2019-02-19,102.3903,86.9173,103.4083,99.6123,97.0681
2019-02-20,102.7215,87.3922,104.2653,99.8873,96.5784
2019-02-21,103.8543,88.1308,103.8474,100.2751,97.6865
2019-02-22,103.917,87.6091,105.4602,100.8221,98.4935
2019-02-25,103.7073,86.1892,106.7789,101.0054,99.6825
2019-02-26,103.0741,85.8129,107.1525,101.523,100.1222
2019-02-27,103.0384,86.6356,109.0273,102.0688,99.5203
2019-02-28,101.9777,87.2629,109.7232,101.3283,100.2639
2019-03-01,102.1036,87.3689,109.0317,100.529,98.0195
2019-03-04,101.1133,88.3726,109.0578,100.4056,97.5145
2019-03-05,100.3235,87.1344,109.8107,100.3201,95.9827
2019-03-06,104.2543,87.2114,108.7763,100.5469,94.146
2019-03-07,102.4951,88.9084,108.219,100.3794,94.2986
2019-03-08,102.1932,89.7417,108.4735,100.51,93.6126
2019-03-11,102.2979,90.0491,107.6309,100.8368,94.3288
2019-03-12,102.0017,89.9392,106.7254,100.4752,92.7651
2019-03-13,100.9559,89.3093,105.8414,101.2991,93.1553
2019-03-14,100.8886,86.8773,105.3902,101.6088,92.3985
2019-03-15,99.6409,85.8522,104.7478,101.0152,92.0549
2019-03-18,99.6673,85.2995,104.6334,100.6534,92.5565
2019-03-19,100.2157,84.4682,106.0295,100.985,93.3322
2019-03-20,98.6718,83.2993,107.3525,100.109,94.4681
2019-03-21,99.3704,82.385,107.098,100.19,93.738
2019-03-22,99.2993,84.024,105.5109,100.8446,93.8332
2019-03-25,98.1361,83.0691,104.6627,101.142,92.2854
2019-03-26,98.2098,84.0055,104.2066,101.1744,90.285
2019-03-27,98.0535,85.2828,105.3847,101.315,89.8628
2019-03-28,96.3774,83.0444,106.6255,101.3792,89.0239
2019-03-29,97.6267,79.9151,107.2631,102.312,87.4038
2019-04-01,96.741,78.9837,107.4968,102.5831,88.3054
2019-04-02,98.6946,79.352,107.1015,101.9221,98.6961
2019-04-03,97.3255,79.0422,104.7754,101.3693,98.1633
2019-04-04,97.7581,79.9412,105.0395,101.0595,96.6081
2019-04-05,97.775,79.4577,105.3488,101.4102,97.1184
2019-04-08,97.5396,80.4694,106.3495,102.4112,96.3201
2019-04-09,94.97,80.2897,103.5485,103.122,95.3552
2019-04-10,95.7891,80.7322,105.4118,103.6401,95.2087
2019-04-11,95.3759,80.3227,104.1325,103.4787,97.4849
2019-04-12,94.7854,79.5273,101.3655,103.0341,99.8577
2019-04-15,95.4003,79.4051,99.2923,103.9883,101.3205
2019-04-16,94.5871,78.9922,100.2305,103.862,101.4849
2019-04-17,95.8453,78.3681,99.6578,103.3049,101.4572
2019-04-18,96.1579,79.4496,102.8569,103.4428,101.7863
2019-04-19,94.4813,80.2278,104.0802,103.6497,101.4367
2019-04-22,93.8885,81.3695,100.32,103.8066,101.6872
2019-04-23,92.1718,81.0129,101.3005,103.1364,100.9608
2019-04-24,92.8067,82.546,97.0525,103.8106,101.2427
2019-04-25,91.3798,82.2176,96.0394,103.4854,99.1411
2019-04-26,91.9529,80.3023,95.7836,103.6243,98.9697
2019-04-29,94.8191,79.1547,95.3301,103.8522,97.7666
2019-04-30,96.8408,77.662,95.8304,104.1775,97.4661
2019-05-01,96.9219,78.5964,98.6286,104.631,96.9281
2019-05-02,94.4343,78.253,100.0664,107.2581,94.7211
2019-05-03,94.6706,77.8034,100.3653,107.7291,95.0695
2019-05-06,94.4501,77.3581,99.2336,108.3581,94.5221
2019-05-07,93.1574,74.9249,94.8992,108.7285,94.089
2019-05-08,90.8981,72.8726,95.4148,108.3172,93.0288
2019-05-09,88.9763,73.8713,95.6092,107.8554,93.9503
2019-05-10,88.0075,73.3647,94.6636,108.0277,95.0032
2019-05-13,87.3107,75.2472,95.0125,108.562,93.7702
2019-05-14,88.4288,74.167,94.9906,109.4629,93.9559
2019-05-15,88.5007,72.5922,95.5258,110.62,95.4517
2019-05-16,89.4502,72.2472,97.8641,110.7869,96.4303
2019-05-17,89.861,72.5156,99.364,111.0453,95.0399
2019-05-20,90.0473,73.9858,100.7066,110.6322,94.5895
2019-05-21,89.0266,73.3318,100.0822,110.2897,96.8326
2019-05-22,88.2558,74.3965,99.5494,109.4147,97.2282
2019-05-23,88.8894,73.0367,98.142,109.5011,98.2865
2019-05-24,88.3406,75.5356,99.9265,109.1945,99.0762
2019-05-27,88.1869,73.977,101.9213,109.3178,99.9715
2019-05-28,86.9171,73.7559,106.1937,109.2417,99.9253
2019-05-29,84.6953,75.2512,106.5424,109.4508,99.0697
2019-05-30,82.1247,76.2973,108.4387,108.8574,97.6806
2019-05-31,82.8418,75.6876,106.1001,108.9129,98.7528
2019-06-03,82.2145,76.4518,106.1618,108.5306,99.4927
2019-06-04,82.3107,76.8106,106.3076,109.5026,99.7081
2019-06-05,82.5564,76.0707,103.7797,109.1047,100.7337
2019-06-06,82.175,76.0002,104.0578,108.5741,99.7987
2019-06-07,81.36,75.7279,105.4101,109.2323,101.1719
2019-06-10,82.2126,74.8837,106.5596,109.1049,101.5531
2019-06-11,82.2509,74.6542,106.0419,109.212,101.0543
2019-06-12,82.6059,75.8905,106.2838,109.9397,102.2899
2019-06-13,82.0864,74.1259,105.2648,109.6512,103.0941
2019-06-14,81.2163,74.3072,102.9759,109.3621,102.8628
2019-06-17,81.3131,75.259,101.7823,109.384,103.9261
2019-06-18,82.0718,75.5221,100.388,109.479,102.7962
2019-06-19,82.4311,76.3536,99.6283,109.3464,105.1272
2019-06-20,84.9561,75.481,103.3952,110.8086,105.7325
2019-06-21,85.5358,74.0035,101.0528,110.798,104.2709
2019-06-24,86.9539,73.0543,102.0044,110.7495,104.2234
2019-06-25,86.417,72.1609,102.7876,110.8988,104.0494
2019-06-26,87.8426,70.7264,102.783,110.656,104.755
2019-06-27,88.0171,68.6944,104.3744,111.192,107.0161
2019-06-28,87.5179,68.1297,101.9245,111.458,106.5975
2019-07-01,87.0163,68.7837,104.8749,111.683,106.406
2019-07-02,84.3617,69.9898,103.7405,111.1641,105.4331
2019-07-03,85.5056,70.544,103.3495,111.9734,105.3634
2019-07-04,86.3188,69.6149,107.2601,111.3772,104.3739
2019-07-05,87.9638,69.8297,106.7427,110.7056,105.4309
2019-07-08,88.5026,69.8395,106.3437,111.2741,104.4752
2019-07-09,85.2398,70.147,106.0035,111.4438,103.2813
2019-07-10,85.1837,70.3229,106.693,110.7611,104.0345
2019-07-11,83.7967,70.122,106.7352,111.081,101.9133
2019-07-12,84.5203,68.4784,107.7523,110.9484,103.2641
2019-07-15,83.7258,69.5088,107.5229,110.9499,104.349
2019-07-16,84.0378,69.7509,108.8223,110.6977,104.6219
2019-07-17,84.1847,71.3722,109.7134,111.128,103.8804
2019-07-18,83.5025,72.407,109.8969,111.0011,103.1465
2019-07-19,85.0647,72.4408,109.7049,110.8872,102.6101
2019-07-22,84.6015,72.273,110.5454,110.9208,103.7826
2019-07-23,84.9328,72.8232,110.883,110.649,103.6685
2019-07-24,84.1479,73.9343,109.2513,110.0901,104.1449
2019-07-25,83.8121,75.644,105.2999,110.1905,102.9965
2019-07-26,83.1948,75.4173,105.4393,109.9673,103.9168
2019-07-29,82.065,74.4592,102.6684,110.1469,105.4184
2019-07-30,83.0748,75.4884,104.305,111.1047,106.7498
2019-07-31,83.9941,75.1482,102.1094,110.9744,106.1519
2019-08-01,84.2962,75.2928,101.7998,110.9605,105.2654
2019-08-02,83.2691,73.4505,102.0476,111.3129,104.9771
2019-08-05,83.6107,73.0637,100.9855,111.5061,104.3339
2019-08-06,82.9478,73.7834,101.4565,111.4484,104.5258
2019-08-07,82.4977,74.0243,101.2162,111.6439,100.2657
2019-08-08,81.9673,73.2068,99.4528,111.1342,99.8659
2019-08-09,83.9525,74.056,101.2416,110.943,99.9967
2019-08-12,84.2521,74.35,102.3421,109.8766,99.4994
2019-08-13,83.8888,73.2033,101.2494,109.6057,100.3627
2019-08-14,84.2188,74.0027,98.9357,109.6352,100.0919
2019-08-15,84.2491,73.636,100.8091,109.0537,100.5595
2019-08-16,84.0087,74.9164,98.767,108.8279,101.0953
2019-08-19,83.2975,74.8464,97.6032,108.7177,100.7419
2019-08-20,83.0565,75.4495,95.772,108.4904,103.8478
2019-08-21,82.6356,71.6513,96.7691,108.0233,102.6945
2019-08-22,82.8653,71.6227,96.8792,108.0964,102.4713
2019-08-23,83.2797,71.8302,97.5937,108.1623,102.299
2019-08-26,82.9831,72.0765,95.8492,107.9757,102.1227
2019-08-27,81.7677,71.7243,99.1816,107.3851,102.7455
2019-08-28,81.8296,72.2425,100.2064,106.6902,102.1736
2019-08-29,84.689,72.225,97.5519,106.3422,101.7347
2019-08-30,83.7836,70.5799,95.5587,107.0205,100.7283
2019-09-02,81.7383,69.3603,94.5986,106.6751,104.2201
2019-09-03,83.3521,68.8341,94.4144,106.7804,103.4869
2019-09-04,81.7845,67.0566,95.1535,106.4699,103.2603
2019-09-05,80.9668,68.5906,94.5073,107.3479,102.8593
2019-09-06,80.9959,69.8258,93.8955,107.2288,103.9675
2019-09-09,80.9838,70.1584,91.8713,107.0325,103.867
2019-09-10,80.811,70.5917,92.1234,106.6838,104.2191
2019-09-11,81.0879,70.4581,93.9403,106.2383,104.6366
2019-09-12,80.9383,71.2393,92.7988,106.4955,103.568
2019-09-13,79.6228,70.9788,93.8428,106.8793,103.4777
2019-09-16,79.3595,72.332,94.8891,107.8539,103.7377
2019-09-17,80.3586,71.8552,95.5937,107.8197,103.0824
2019-09-18,81.9869,70.314,96.5515,108.6367,104.4301
2019-09-19,83.1237,70.375,95.5556,108.6983,104.5334
2019-09-20,82.5929,69.2067,93.7406,107.9581,107.0533
2019-09-23,82.3057,70.0594,93.5232,107.4926,106.6003
2019-09-24,79.5922,68.6752,92.6788,106.9344,107.4828
2019-09-25,78.8865,67.9532,91.902,106.8847,111.2093
2019-09-26,79.2981,66.4944,91.7463,107.684,111.6966
2019-09-27,79.4362,65.2892,93.0013,107.2034,112.1761
2019-09-30,79.0502,64.6604,93.8312,107.337,112.1274
2019-10-01,78.2268,62.7912,94.6242,106.8945,112.8492
2019-10-02,78.1433,63.3983,95.0274,106.3645,111.7339
2019-10-03,78.6296,60.9206,95.7373,105.922,113.0774
2019-10-04,76.5061,60.7177,93.6991,106.3419,114.7893
2019-10-07,76.8316,60.0627,93.9901,106.2847,115.7317
2019-10-08,77.2623,59.1325,95.7516,106.7691,117.6781
2019-10-09,76.0517,59.5352,93.2428,106.8192,116.5974
2019-10-10,75.2433,59.9102,93.439,107.2892,118.2236
2019-10-11,74.0693,59.829,90.8512,107.7914,119.0006
2019-10-14,74.1597,59.9922,90.8991,107.7906,118.852
2019-10-15,73.2957,60.3501,91.4981,109.184,119.0083
2019-10-16,72.546,61.2534,92.8073,108.5911,119.3604
2019-10-17,73.1284,61.5055,93.7624,109.3399,122.6661
2019-10-18,73.7544,60.6525,90.6592,109.7551,121.1843
2019-10-21,75.8584,60.4804,90.7631,110.4543,119.8136
2019-10-22,77.0952,60.9229,91.3461,110.3204,118.6797
2019-10-23,77.7899,60.5349,93.9083,110.5102,120.2823
2019-10-24,77.8476,60.9491,95.7994,111.0195,118.2519
2019-10-25,78.0632,59.8656,97.2437,110.3724,118.9199
2019-10-28,76.6842,59.9109,98.9029,110.3713,117.4572
2019-10-29,75.5565,60.2555,98.7006,109.6716,117.8081
2019-10-30,75.7479,59.801,97.3128,109.691,117.0607
2019-10-31,75.1016,60.0536,98.3107,109.7187,117.1441
2019-11-01,75.6124,59.5976,99.0825,109.9827,116.5792
2019-11-04,76.0512,60.3415,100.977,110.2299,117.266
2019-11-05,76.053,60.5144,103.3433,110.3982,116.2515
2019-11-06,74.5334,60.9313,105.0443,109.9214,116.8018
2019-11-07,73.8402,61.3784,106.8831,109.3847,116.4004
2019-11-08,74.082,62.6543,108.0278,108.5633,116.9959
2019-11-11,73.758,62.2174,107.4927,108.1234,117.8353
2019-11-12,73.8931,67.8329,109.5741,107.4493,117.9338
2019-11-13,72.8243,67.2229,110.0254,106.9086,116.637
2019-11-14,73.4449,67.6153,110.7512,107.4974,118.1512
2019-11-15,73.8992,65.4793,114.1827,107.0362,118.5646
2019-11-18,74.3924,66.1918,114.1646,107.2203,118.4778
2019-11-19,75.2641,66.8679,114.7026,107.139,116.7845
2019-11-20,75.166,69.0527,115.86,106.6329,115.8414
2019-11-21,74.9773,68.2597,114.431,106.2995,114.427
2019-11-22,75.0658,65.4499,113.3277,106.1626,113.993
2019-11-25,76.3148,66.183,115.644,106.8214,115.5965
2019-11-26,75.9124,66.3632,119.7934,106.8876,114.6077
2019-11-27,75.2149,65.5313,118.2314,106.7537,115.1495
2019-11-28,76.4171,66.2353,120.5773,106.0748,113.7079
2019-11-29,77.3048,66.5575,121.5914,105.9452,113.8125
2019-12-02,78.185,66.6262,121.6018,105.9821,114.6824
2019-12-03,77.522,67.3401,121.0018,106.6229,115.1932
2019-12-04,77.4636,67.0544,118.2516,106.5399,115.2003
2019-12-05,78.493,67.6904,119.2718,106.7408,114.2067
2019-12-06,78.423,67.7674,119.1609,106.6313,115.259
2019-12-09,78.7675,67.1745,118.921,106.832,115.2736
2019-12-10,78.7625,66.7446,116.8868,106.5982,113.1765
2019-12-11,78.3165,65.3106,118.5144,106.9678,113.207
2019-12-12,78.5652,65.8826,118.4917,106.3362,113.0606
2019-12-13,77.1954,65.9939,117.8483,105.242,113.9311
2019-12-16,76.8004,66.779,120.8073,105.1088,112.6323
2019-12-17,78.7224,67.0718,121.4997,104.6506,110.9313
2019-12-18,79.8708,67.5898,123.9202,105.0961,111.9868
2019-12-19,79.9448,66.9214,122.7491,105.2244,111.4804
2019-12-20,79.5309,67.0886,124.6961,105.7335,111.9141
2019-12-23,80.0241,66.647,126.4094,105.6353,113.5828
2019-12-24,78.6402,66.7742,124.7614,105.6962,116.1036
2019-12-25,77.9651,67.1128,127.4568,106.9368,115.2016
2019-12-26,79.2086,66.628,127.874,106.7128,113.5116
2019-12-27,78.7368,66.8651,126.0365,106.3106,113.3104
2019-12-30,79.9218,65.5069,124.5723,107.1644,112.4888
2019-12-31,82.5047,66.9687,124.2424,107.7575,113.5291
2020-01-01,81.7247,66.9877,122.2712,108.1288,114.9686
2020-01-02,82.3845,65.9842,119.3746,108.1075,115.2829
2020-01-03,81.2121,66.7725,122.043,108.2786,116.5128
2020-01-06,81.414,66.5779,122.2073,107.9868,116.9814
2020-01-07,82.01,66.8504,123.8927,107.9093,115.808
2020-01-08,81.2698,67.3941,124.511,108.0591,116.4398
2020-01-09,82.77,67.0327,125.2444,109.391,117.8665
2020-01-10,81.0186,66.2403,123.0571,110.2893,119.5878
2020-01-13,80.1809,67.0453,119.3302,110.2499,118.44
2020-01-14,81.3535,67.2211,121.8665,110.366,117.9137
2020-01-15,81.0619,68.0983,122.9968,109.9562,119.4435
2020-01-16,81.3382,68.6097,125.1115,109.6737,119.3588
2020-01-17,80.1729,69.7908,123.4693,110.69,118.5025
2020-01-20,81.4612,69.4428,125.0878,109.8985,120.5707
2020-01-21,82.1265,68.7285,126.9499,109.5393,119.4384
2020-01-22,82.5275,67.8518,126.1302,110.3461,120.5134
2020-01-23,81.3203,67.9739,126.4702,111.007,122.5112
2020-01-24,82.1539,66.9971,127.1635,110.8225,122.8983
2020-01-27,82.3085,66.4021,127.5031,110.6367,120.0352
2020-01-28,80.3636,66.6608,120.8364,110.8681,121.4167
2020-01-29,79.1679,66.5612,119.0533,111.3042,121.791
2020-01-30,78.8675,67.531,120.9026,112.2002,121.6369
2020-01-31,78.5403,68.6431,119.9686,111.4827,121.776
2020-02-03,78.6092,70.4996,119.345,111.9491,119.8759
2020-02-04,79.6501,70.3937,123.4661,112.4168,120.1116
2020-02-05,79.2904,68.8463,126.8601,112.7281,120.7849
2020-02-06,80.4363,68.7876,125.3646,112.1842,120.8906
2020-02-07,81.5265,70.1109,127.9897,112.1379,122.2385
2020-02-10,80.5014,70.8997,130.7057,112.6408,121.419
2020-02-11,79.7349,70.4964,131.734,112.163,121.8763
2020-02-12,80.1289,70.8678,129.8074,111.8882,120.9042
2020-02-13,80.3046,71.2728,127.9902,111.9675,121.617
2020-02-14,82.1933,70.8927,124.2192,111.9291,122.2015
2020-02-17,82.0791,72.4803,125.3517,111.2655,123.8831
2020-02-18,83.0332,71.8819,125.3733,110.8946,123.4986
2020-02-19,83.9697,73.0999,124.3038,111.3111,122.5689
2020-02-20,82.0409,71.2462,128.0003,112.0756,121.8737
2020-02-21,81.6107,70.6984,127.4717,112.1249,121.7107
2020-02-24,81.2114,70.8329,128.0625,111.838,121.747
2020-02-25,81.9538,70.9914,123.4517,111.2079,122.9025
2020-02-26,81.2184,71.1804,121.9867,111.6182,123.2824
2020-02-27,82.2013,71.3941,120.4928,110.7881,125.7756
2020-02-28,81.4557,72.5458,122.015,110.6411,124.8721
2020-03-02,80.095,72.8543,122.2831,111.0077,123.6456
2020-03-03,81.5167,72.2119,122.9922,111.8135,123.68
2020-03-04,81.5383,71.8007,123.2396,111.1922,124.4635
2020-03-05,81.8282,70.6366,125.5582,112.1499,123.9415
2020-03-06,80.7557,71.0613,125.6173,112.2448,124.3487
2020-03-09,81.0525,71.2497,127.8195,113.1432,125.1046
2020-03-10,81.0492,70.8178,128.0586,112.713,124.7917
2020-03-11,79.5564,71.6609,129.3401,111.5334,125.8517
2020-03-12,79.5686,71.064,130.0359,111.7713,125.1114
2020-03-13,79.4849,72.1637,130.038,111.5259,125.3886
2020-03-16,78.2981,72.451,131.1727,111.2918,126.6763
2020-03-17,77.6891,71.2799,126.5557,111.5195,125.5337
2020-03-18,77.1731,70.884,123.0806,111.0013,126.7395
2020-03-19,78.7062,71.4553,125.0588,111.0715,125.2344
2020-03-20,79.1911,71.3358,126.2926,111.5592,126.3723
2020-03-23,80.6854,71.5011,124.93,111.8933,126.3355
2020-03-24,79.7414,71.9907,124.4014,112.218,125.2547
2020-03-25,79.2766,71.0245,126.2411,111.899,125.3533
2020-03-26,80.295,71.8156,127.3776,111.5107,127.1177
2020-03-27,80.6715,71.6127,126.2464,110.9334,127.2185
2020-03-30,82.1514,71.6053,122.9407,111.1451,127.5692
2020-03-31,81.2336,71.7777,122.2082,111.3308,127.4239
2020-04-01,80.9205,71.1053,123.0035,112.2682,125.1125
2020-04-02,81.1512,71.4707,123.7203,113.4299,125.293
2020-04-03,81.9364,71.0747,120.6537,113.5699,125.2152
2020-04-06,81.6219,71.3088,120.3024,113.1701,124.5541
2020-04-07,82.1141,70.481,118.8488,112.8618,123.0212
2020-04-08,82.073,69.5554,122.2998,113.2237,122.4572
2020-04-09,81.3512,69.6996,120.6292,113.0395,123.9851
2020-04-10,82.622,69.3361,121.5229,112.9337,124.904
2020-04-13,81.079,68.6629,120.8571,111.9071,124.2329
2020-04-14,79.7983,69.5165,120.3893,111.8422,125.9489
2020-04-15,79.6121,69.6762,120.3162,111.9148,127.4889
2020-04-16,79.1076,67.6289,121.5039,111.185,126.4385
2020-04-17,78.632,68.1706,121.0688,111.4292,124.1089
2020-04-20,78.4569,68.6239,120.4742,111.6474,122.4603
2020-04-21,77.8174,67.1284,120.5357,110.9524,123.5101
2020-04-22,77.6282,67.0467,120.0788,111.8961,126.6126
2020-04-23,78.3287,66.8257,119.4207,111.4686,126.658
2020-04-24,79.8253,67.0628,121.964,111.5363,125.9071
2020-04-27,81.5339,67.0482,123.6565,111.1774,123.7237
2020-04-28,81.8437,68.246,124.5503,111.3991,122.8762
2020-04-29,82.1168,67.7243,123.12,110.7948,121.11
2020-04-30,82.5125,67.1646,123.2961,111.0165,123.4748
2020-05-01,80.5223,68.2887,124.8502,111.1742,123.3778
2020-05-04,78.6336,67.9011,127.0999,110.3854,122.3122
2020-05-05,76.4252,67.6065,132.0129,110.1583,127.4321
2020-05-06,76.4776,69.0244,128.8779,110.4764,129.2853
2020-05-07,76.6318,67.6935,132.0475,110.0895,129.6004
2020-05-08,77.0866,68.1721,133.7427,110.7805,129.5008
2020-05-11,76.8655,68.2224,136.6341,111.3614,131.8734
2020-05-12,76.6974,66.6296,137.1594,111.1816,131.9571
2020-05-13,76.6365,66.5627,144.5099,110.7243,133.225
2020-05-14,77.3994,66.5423,144.0101,111.337,133.2938
2020-05-15,77.3234,66.3258,146.6222,110.9998,134.5025
2020-05-18,76.6649,66.4543,147.9278,110.5928,133.4258
2020-05-19,77.4805,66.4303,147.0425,109.8135,134.4617
2020-05-20,78.3796,66.7559,143.5437,110.1223,135.2542
2020-05-21,79.0714,66.0545,141.6227,110.9506,134.9834
2020-05-22,80.1035,65.2559,145.3563,110.9333,135.581
2020-05-25,80.8387,66.9295,141.1932,111.6113,136.4144
2020-05-26,80.09,66.3294,139.9803,111.4555,136.1344
2020-05-27,79.8643,65.4339,138.2833,110.6665,137.3573
2020-05-28,79.4373,64.968,141.9969,111.1014,137.0853
2020-05-29,79.3741,64.2922,140.2006,110.7842,137.3511
2020-06-01,78.6406,64.0657,138.206,110.7519,137.765
2020-06-02,79.3106,63.7032,134.3004,111.6939,136.6551
2020-06-03,78.8957,62.4322,135.5274,110.6732,136.7397
2020-06-04,78.0662,61.7235,137.6416,110.5305,138.0062
2020-06-05,78.0066,61.3733,139.4295,110.2934,137.9596
2020-06-08,78.9673,61.6982,143.8889,109.0622,137.712
2020-06-09,77.7121,61.9548,140.0603,109.1523,137.5183
2020-06-10,79.093,62.2882,140.114,109.4718,138.5783
2020-06-11,78.792,63.2784,140.526,109.758,137.3042
2020-06-12,78.4942,64.3946,143.6815,109.227,137.4102
2020-06-15,80.7158,63.4197,142.381,109.3454,134.6901
2020-06-16,80.9505,63.4501,141.9161,108.5694,135.2938
2020-06-17,80.1852,62.5957,142.4446,108.5868,137.8202
2020-06-18,80.0084,62.4267,144.3853,108.2869,137.2098
2020-06-19,80.1889,61.8624,143.5629,108.0852,138.1795
2020-06-22,81.3383,60.4453,138.8565,107.932,139.1464
2020-06-23,82.4481,58.9982,138.3675,108.7046,139.9638
2020-06-24,82.5279,58.9178,140.9831,108.6404,138.2502
2020-06-25,83.8525,58.9805,143.851,108.505,135.6517
2020-06-26,83.0618,57.9789,144.4073,108.4892,136.8875
2020-06-29,83.3235,57.6508,147.1305,108.096,137.5957
2020-06-30,84.0122,58.0519,149.072,108.132,136.9012
2020-07-01,82.5112,56.9727,146.8342,108.2182,134.6171
2020-07-02,82.2882,56.3963,147.9475,108.9074,133.107
2020-07-03,81.8858,57.0869,146.7584,109.2074,134.3464
2020-07-06,79.8977,57.6847,147.4215,108.7766,132.8253
2020-07-07,77.5645,57.864,148.1261,108.0299,131.4592
2020-07-08,76.9548,57.151,146.8629,107.6824,131.3831
2020-07-09,77.9931,56.8475,146.5897,107.9259,131.9669
2020-07-10,80.4316,57.1172,148.5676,107.1027,132.7876
2020-07-13,80.7764,58.1203,150.1766,106.1333,132.7977
2020-07-14,80.4398,57.624,148.6144,105.4617,135.2174
2020-07-15,81.8631,58.2394,148.1039,104.4758,135.6551
2020-07-16,82.1809,59.0607,150.2806,103.8427,132.4374
2020-07-17,83.963,59.1465,148.9754,102.8891,131.124
2020-07-20,84.4839,59.2715,146.7408,102.3958,131.2176
2020-07-21,83.1452,59.4283,149.0525,102.5538,132.3566
2020-07-22,84.6779,59.7048,149.9577,102.2421,130.171
2020-07-23,84.0327,60.0439,153.7264,102.6791,132.0486
2020-07-24,84.8757,61.4393,154.8657,102.7288,131.9838
2020-07-27,85.0397,62.7162,151.0144,102.2923,133.784
2020-07-28,84.4111,62.288,148.8712,101.8737,134.2678
2020-07-29,84.1162,60.6974,151.3739,102.247,134.838
2020-07-30,83.4055,63.4596,151.4314,101.2119,132.9074
2020-07-31,84.6685,62.5252,151.5357,101.2517,132.4219
2020-08-03,85.4394,61.3227,153.9143,100.9774,132.3667
2020-08-04,87.7333,62.0097,156.6615,100.397,132.8132
2020-08-05,86.844,60.63,154.809,100.053,133.4563
2020-08-06,86.8422,59.2045,153.7083,100.0306,131.18
2020-08-07,84.8721,60.0137,152.9304,99.6076,129.8954
2020-08-10,84.1399,58.9449,154.8064,99.1127,132.581
2020-08-11,86.2867,58.256,153.5181,98.5204,131.5489
2020-08-12,86.1079,58.5132,153.65,98.6762,134.6706
2020-08-13,88.5094,58.0472,152.1837,98.3185,133.375
2020-08-14,89.7308,57.3214,152.5609,97.9774,134.0332
2020-08-17,89.7324,57.0297,152.7347,98.0907,134.0885
2020-08-18,89.5169,58.0402,153.3192,97.8378,133.5445
2020-08-19,89.9844,57.507,148.7407,97.7704,134.0257
2020-08-20,89.9824,57.6889,150.8841,98.4322,132.913
2020-08-21,89.0381,57.1448,154.2239,98.0446,132.8086
2020-08-24,91.3732,56.8782,151.4632,97.9946,131.8612
2020-08-25,92.5446,56.4186,153.1999,96.9274,132.6088
2020-08-26,92.0449,55.6284,151.6129,96.5443,134.3211
2020-08-27,92.3602,55.4997,158.3486,96.4108,133.6595
2020-08-28,92.313,54.6431,158.4236,96.315,133.3981
2020-08-31,93.0056,52.9298,159.5146,96.6274,131.9098
2020-09-01,92.6421,53.1116,156.9978,96.489,129.5392
2020-09-02,91.8317,52.5697,159.5786,96.0602,129.9549
2020-09-03,90.6247,52.6734,159.7465,96.1325,128.4477
2020-09-04,90.0911,52.3608,159.0723,96.0049,125.958
2020-09-07,91.3627,51.4957,163.3686,96.8067,125.4552
2020-09-08,91.3925,50.6377,166.3414,97.6953,125.8327
2020-09-09,90.8195,49.8291,162.7539,97.7033,126.2478
2020-09-10,90.0901,50.0941,160.2104,98.0092,126.5398
2020-09-11,87.4141,48.9124,162.0661,97.7315,127.8265
2020-09-14,86.4759,48.867,160.5172,97.6663,126.2302
2020-09-15,86.505,49.3018,163.3826,97.1316,128.2246
2020-09-16,87.1402,49.5246,159.8245,97.4087,127.5301
2020-09-17,87.8425,49.7012,157.017,98.0851,127.3259
2020-09-18,86.8745,49.8452,155.9522,97.8779,126.3888
2020-09-21,86.6597,49.5605,157.2053,98.4387,126.5039
2020-09-22,85.6504,50.4387,158.9854,98.1338,126.025
2020-09-23,86.5164,50.5706,164.6012,98.5851,127.2455
2020-09-24,88.1068,50.2111,164.6096,98.6068,128.4867
2020-09-25,88.3014,51.1358,162.9101,98.5954,127.8859
2020-09-28,87.7246,51.2205,159.9821,98.8731,128.0559
2020-09-29,89.596,51.2765,162.0831,99.3864,129.3238
2020-09-30,88.7535,51.6916,164.7656,100.1873,129.994
2020-10-01,88.2318,52.8543,166.9709,99.6726,129.9271
2020-10-02,87.028,52.8653,166.4793,99.5097,130.1814
2020-10-05,87.0968,53.034,167.1121,99.1147,131.057
2020-10-06,87.9667,53.9756,163.6516,99.4061,134.8428
2020-10-07,89.6299,54.7332,165.4018,99.0493,135.8102
2020-10-08,90.1693,55.8241,167.6501,98.61,138.3741
2020-10-09,88.358,56.5101,166.99,98.9193,140.9926
2020-10-12,87.6945,55.8006,167.2444,98.3951,139.49
2020-10-13,88.2043,54.8168,166.1267,98.2426,139.5706
2020-10-14,86.569,54.6584,167.3357,98.4328,138.9911
2020-10-15,85.7153,54.1282,170.8663,99.7824,137.1425
2020-10-16,85.39,53.2252,168.1642,99.4613,138.6445
2020-10-19,85.4977,53.7138,165.3997,99.2797,138.316
2020-10-20,86.0993,53.2547,165.0113,98.1793,140.122
2020-10-21,87.3274,52.8906,162.5378,100.6633,140.9076
2020-10-22,87.9577,51.3794,163.4302,100.4846,143.8669
2020-10-23,89.3807,51.0419,160.5951,100.3628,145.192
2020-10-26,89.1339,50.8077,160.7197,100.5402,146.2351
2020-10-27,89.5041,51.2846,162.1039,100.1036,145.8422
2020-10-28,91.3344,51.232,161.4544,99.786,146.9125
2020-10-29,91.2693,50.9704,162.2122,99.8429,142.5482
2020-10-30,91.3458,50.3501,161.6021,99.9753,143.1701
2020-11-02,91.3844,51.5082,160.363,99.4343,142.7806
2020-11-03,94.4672,50.7392,161.5011,99.3095,143.3867
2020-11-04,95.5869,50.4055,162.1518,99.6574,142.3925
2020-11-05,98.0057,51.2147,160.3364,99.8809,142.9881
2020-11-06,98.223,51.1692,158.398,99.3961,143.2963
2020-11-09,99.0331,50.8007,161.2757,99.7512,143.5398
2020-11-10,99.5633,51.3553,166.2656,100.0506,143.949
2020-11-11,104.6743,51.4193,168.9104,100.3507,143.7477
2020-11-12,103.9891,52.252,168.451,100.0539,142.6303
2020-11-13,103.7714,52.6222,170.3189,100.5744,141.9212
2020-11-16,104.0918,52.2861,169.6878,100.0788,140.7545
2020-11-17,104.0539,51.4506,173.6723,99.7281,140.3537
2020-11-18,103.5803,51.5666,174.8205,99.716,139.4227
2020-11-19,102.668,51.7356,177.5876,99.8148,141.0597
2020-11-20,102.1565,51.6928,179.5499,99.9313,141.1801
2020-11-23,103.8114,52.4266,177.4392,99.589,143.0397
2020-11-24,103.2371,53.1757,181.9291,99.5819,142.343
2020-11-25,103.5604,53.1959,179.7662,99.5592,142.6243
2020-11-26,103.7958,53.1596,179.4512,99.1635,143.8554
2020-11-27,102.5243,53.706,179.307,100.0222,143.7393
2020-11-30,100.513,53.8091,184.5461,99.0187,142.8035
2020-12-01,100.0048,53.1597,181.8745,99.3976,143.4476
2020-12-02,100.7785,53.2602,183.628,99.3993,142.4763
2020-12-03,99.9475,53.4998,187.0888,99.3226,141.93
2020-12-04,100.7114,53.6707,184.7909,99.184,140.2364
2020-12-07,99.9667,54.7618,185.5957,99.5441,138.6537
2020-12-08,99.9907,55.3756,190.0632,99.2395,137.6183
2020-12-09,100.596,56.1063,191.2339,98.7284,137.12
2020-12-10,102.3269,55.6399,191.88,98.8961,135.121
2020-12-11,102.3043,55.1813,186.9044,98.9865,137.2555
2020-12-14,101.6296,55.3712,180.8945,99.457,138.5391
2020-12-15,100.2302,55.667,181.1506,98.9165,137.6591
2020-12-16,101.3121,56.8287,179.9544,98.957,136.4887
2020-12-17,100.0082,57.4449,175.6404,99.0407,135.7777
2020-12-18,100.2026,57.2731,175.8341,99.6504,136.043
2020-12-21,101.4099,57.0983,176.1869,99.4528,133.9512
2020-12-22,101.5884,56.6822,176.8039,99.4126,134.7962
2020-12-23,101.874,56.4984,174.4205,99.4373,134.7151
2020-12-24,101.7121,55.5612,177.1111,99.6457,132.985
2020-12-25,100.1996,56.3163,178.2513,99.4183,132.7798
2020-12-28,99.9147,54.9668,179.1999,98.7827,133.4806
2020-12-29,99.8563,54.9067,181.7434,98.2805,131.7991
2020-12-30,99.0438,53.9162,185.5709,99.0205,130.3794
2020-12-31,97.9804,53.6838,184.4424,99.415,130.4514
2021-01-01,99.6254,52.8777,184.4857,98.346,130.3093
2021-01-04,97.6334,52.5488,183.9401,98.8859,129.4663
2021-01-05,97.595,52.4717,187.9272,98.6362,129.6848
2021-01-06,98.0653,52.4803,190.141,98.8128,131.3075
2021-01-07,98.8397,52.5815,191.9977,97.9018,132.6929
2021-01-08,99.0488,53.0813,188.3455,97.6041,131.8797
2021-01-11,99.7603,53.5467,187.4165,98.0365,134.0097
2021-01-12,100.4897,54.2949,186.3079,98.2091,134.3436
2021-01-13,100.6728,54.0127,184.9372,98.4465,133.5084
2021-01-14,101.3432,55.1373,189.1066,97.7773,131.5191
2021-01-15,98.9893,55.5629,189.5359,97.2024,130.654
2021-01-18,100.7158,55.8734,193.0121,96.9982,129.3766
2021-01-19,100.6617,55.4332,195.4349,97.378,131.4461
2021-01-20,102.2059,55.415,191.2291,97.2855,132.0077
2021-01-21,101.2378,55.5188,190.1533,96.6756,131.7502
2021-01-22,100.4073,55.9097,190.2876,96.6551,132.6486
2021-01-25,100.0786,56.0565,188.1621,96.9029,132.24
2021-01-26,99.004,55.5899,191.5203,96.4839,133.6386
2021-01-27,99.4875,56.1299,192.2961,96.5861,134.5469
2021-01-28,99.0071,54.583,189.7553,96.756,134.302
2021-01-29,98.9653,54.8663,192.3627,96.5265,134.7738
2021-02-01,98.591,55.1095,185.5795,96.2291,134.5518
2021-02-02,98.7872,54.7431,183.8223,96.2011,135.6009
2021-02-03,98.9623,53.6936,181.3872,96.4231,135.292
2021-02-04,98.0765,53.2401,181.2841,96.2873,135.2806
2021-02-05,101.2002,53.4268,179.2694,96.7373,137.526
2021-02-08,102.2084,53.7483,172.7275,97.4285,137.8754
2021-02-09,100.6892,52.943,172.8558,97.8944,137.6965
2021-02-10,101.7324,52.934,170.4392,97.9207,137.2524
2021-02-11,101.6811,52.334,170.0821,98.5427,137.8181
2021-02-12,103.6074,50.9664,168.8571,99.483,138.7597
2021-02-15,102.8459,52.0177,165.4565,99.8873,139.3298
2021-02-16,103.4807,51.0696,165.2431,99.9443,138.5161
2021-02-17,103.0198,51.0836,168.1257,99.7143,139.6759
2021-02-18,103.4745,51.1823,167.9654,99.9103,139.2306
2021-02-19,102.1861,51.5039,165.6816,99.9511,139.2026
2021-02-22,101.7355,51.692,167.2351,99.3291,140.202
2021-02-23,99.7687,51.6876,168.007,99.8171,141.2829
2021-02-24,99.1938,50.4882,168.0849,100.1184,141.1816
2021-02-25,99.426,50.3613,170.0408,99.7255,140.0518
2021-02-26,99.8937,50.5981,172.7807,99.1582,137.9969
2021-03-01,98.895,50.754,177.763,98.9642,139.9127
2021-03-02,99.7351,51.1438,181.1183,99.7259,137.5865
2021-03-03,100.185,50.3674,183.3329,100.2556,137.821
2021-03-04,101.0221,50.0438,184.2141,99.442,137.87
2021-03-05,99.9794,51.2302,181.9568,99.4297,136.2853
2021-03-08,99.4308,50.424,178.2725,99.3675,136.1789
2021-03-09,101.5802,50.4646,182.977,99.2775,136.4385
2021-03-10,101.5764,50.9621,181.3231,99.1848,135.5725
2021-03-11,101.2595,51.0872,181.4786,99.2571,134.4646
2021-03-12,99.3951,50.7449,186.3684,98.6522,135.5996
2021-03-15,100.0217,50.4418,182.9705,98.1937,133.3607
2021-03-16,99.1412,50.7926,182.6812,98.8628,131.8018
2021-03-17,100.4781,50.2824,182.2812,99.516,132.0809
2021-03-18,99.5936,50.2589,186.22,99.5325,132.1883
2021-03-19,96.8671,50.6232,188.6553,99.0546,131.7207
2021-03-22,96.6203,51.1253,187.9062,99.2662,132.3701
2021-03-23,98.0541,50.9871,188.6388,99.2759,129.6162
2021-03-24,98.4807,51.2117,187.2822,99.6766,131.1928
2021-03-25,98.297,50.1549,188.2232,99.5127,131.2567
2021-03-26,98.1281,48.2834,188.9321,99.5865,131.7887
2021-03-29,99.1648,48.2899,189.1839,99.6301,131.5213
2021-03-30,96.6789,47.8545,185.6678,99.1081,132.0463
2021-03-31,96.725,48.5723,189.4603,98.9073,131.4904
2021-04-01,97.1381,49.0083,192.3891,98.9715,133.1183
2021-04-02,99.7917,49.4604,192.7758,99.9099,134.1406
2021-04-05,99.3867,49.4664,194.1462,100.231,133.9122
2021-04-06,99.4058,50.5784,198.278,99.9464,134.2785
2021-04-07,102.1892,49.8955,197.4586,100.1856,131.6508
2021-04-08,103.3303,49.9371,198.45,100.2,130.886
2021-04-09,103.756,50.0126,198.3027,100.4606,129.608
2021-04-12,104.8634,50.2842,193.1643,99.8193,129.2289
2021-04-13,104.4042,51.132,193.5854,98.6046,130.5333
2021-04-14,106.4201,51.403,193.9129,98.3421,128.2916
2021-04-15,106.3154,51.8987,189.8936,98.4454,128.4675
2021-04-16,106.4095,51.9865,190.6843,99.1993,126.8961
2021-04-19,106.9015,52.3744,188.9551,99.1654,126.7402
2021-04-20,106.8719,53.1677,190.6233,98.7771,128.139
2021-04-21,105.5504,52.6925,185.0113,98.8164,128.3582
2021-04-22,105.4662,51.9005,182.0435,99.1228,127.429
2021-04-23,103.2913,51.6328,184.8845,98.4582,127.1588
2021-04-26,104.1803,52.4941,185.0567,98.5174,128.4396
2021-04-27,104.5409,52.3616,191.7478,98.527,128.5029
2021-04-28,104.3178,52.8177,195.0303,98.2497,128.9988
2021-04-29,104.7271,52.8961,195.9215,98.5907,129.7902
2021-04-30,105.4938,53.8179,194.0259,98.8899,128.0579
2021-05-03,106.5484,53.5634,196.8452,98.9641,126.8639
2021-05-04,108.0276,53.565,200.4057,98.0577,127.0295
2021-05-05,104.7445,52.747,201.6689,98.2178,126.9383
2021-05-06,104.0279,52.1216,199.0937,97.7711,124.8118
2021-05-07,103.8888,51.6497,202.7753,97.9706,123.7785
2021-05-10,104.8072,52.278,203.0969,98.3057,125.0161
2021-05-11,106.4152,52.7054,204.0088,98.3889,123.6836
2021-05-12,106.5733,53.6249,201.8584,98.8873,126.2859
2021-05-13,104.4613,54.5713,200.659,98.8805,127.4294
2021-05-14,106.1418,55.4326,198.0783,99.2383,126.7687
2021-05-17,105.4469,55.3516,194.5539,98.9967,126.6071
2021-05-18,105.5352,55.9905,195.1121,99.3928,127.5667
2021-05-19,104.9412,56.162,198.9751,99.3326,127.6829
2021-05-20,104.0469,56.8604,198.4907,99.2892,129.9683
2021-05-21,105.7662,57.5646,198.4121,99.7973,129.6453
2021-05-24,107.0014,57.4978,198.7396,99.7463,129.3042
2021-05-25,107.9835,57.4084,198.5507,99.016,128.3681
2021-05-26,108.3463,57.0104,201.8463,99.2364,129.027
2021-05-27,108.6255,55.8271,202.4579,98.9095,127.1203
2021-05-28,108.7916,55.5312,198.8526,98.6084,128.5764
2021-05-31,110.1747,55.8935,201.2926,98.5867,127.9036
2021-06-01,111.1732,55.5798,196.9511,98.5067,127.1798
2021-06-02,109.8505,54.0745,198.387,98.5846,127.0236
2021-06-03,109.7974,53.9799,196.6514,98.642,126.159
2021-06-04,111.1556,53.5211,195.161,98.5512,127.3685
2021-06-07,112.3073,52.6334,193.6529,98.6928,125.5212
2021-06-08,112.2887,53.9744,198.1579,98.6413,124.0243
2021-06-09,111.3043,53.9578,195.9298,98.5832,124.9067
2021-06-10,111.5853,54.8653,192.4474,99.1144,125.0163
2021-06-11,111.849,55.1721,193.8676,99.7493,124.1553
2021-06-14,113.6196,54.4255,190.4275,100.3167,122.4379
2021-06-15,112.9602,54.0595,189.7635,100.3936,121.6523
2021-06-16,113.8285,53.4668,189.4134,101.1181,120.9591
2021-06-17,111.5039,53.0156,188.5159,101.4204,120.4104
2021-06-18,110.9772,52.2057,189.3792,101.2259,121.0499
2021-06-21,110.2187,51.9156,189.6792,100.9881,118.8886
2021-06-22,107.8252,52.9753,184.1782,101.6904,118.923
2021-06-23,109.5682,52.1548,184.051,100.9991,118.134
2021-06-24,110.5009,51.1682,185.6817,100.9411,119.399
2021-06-25,110.5488,51.1619,184.7009,101.7371,117.7124
2021-06-28,110.2781,51.3398,180.8535,101.7907,119.1097
2021-06-29,110.3324,52.5656,188.0386,101.7327,118.8099
2021-06-30,109.8025,53.1351,192.6933,100.958,119.2874
2021-07-01,110.0798,52.2319,192.5007,100.5736,119.0739
2021-07-02,109.2186,52.0404,188.8241,100.6645,120.3003
2021-07-05,110.5777,52.0751,185.1846,100.169,119.2323
2021-07-06,113.2614,52.6451,185.6565,100.6611,118.7753
2021-07-07,113.7727,52.5019,183.5631,101.7869,117.4995
2021-07-08,111.3073,51.991,181.0589,101.4089,117.2811
2021-07-09,110.6441,52.1385,180.4125,101.9096,116.8388
2021-07-12,110.9621,52.1373,184.5437,102.2141,114.9888
2021-07-13,108.9942,52.0184,180.0358,101.3582,114.9954
2021-07-14,108.2258,51.5523,181.3264,101.3049,113.1476
2021-07-15,108.0178,52.4569,183.4563,100.7375,113.3365
2021-07-16,109.9625,53.1727,187.2406,99.9306,114.3852
2021-07-19,109.7147,53.6725,189.6924,100.3381,114.249
2021-07-20,111.6203,53.261,192.5392,100.6425,114.9609
2021-07-21,110.1088,53.4943,190.6014,100.9216,113.617
2021-07-22,110.7016,55.195,189.6663,100.9656,113.534
2021-07-23,113.6827,56.4532,188.6179,100.9744,114.1035
2021-07-26,113.218,56.7256,184.2169,101.0188,112.7317
2021-07-27,112.8566,57.0607,186.4003,100.6813,112.0055
2021-07-28,111.7813,57.3747,183.5249,100.6326,112.1478
2021-07-29,113.3424,57.3132,182.532,101.2546,110.6252
2021-07-30,113.1178,58.0688,184.6568,101.3369,108.9031
2021-08-02,112.9941,57.7972,180.8492,101.6077,107.7334
2021-08-03,114.143,58.0631,178.7677,101.534,107.0053
2021-08-04,115.0721,58.5475,181.9332,101.6825,105.838
2021-08-05,118.0055,59.5912,179.7296,101.4261,106.9668
2021-08-06,117.9779,60.4892,180.1591,100.9399,108.4783
2021-08-09,118.3588,61.1887,181.9217,101.4003,109.0237
2021-08-10,117.8319,62.4779,181.2304,101.386,110.8356
2021-08-11,120.4642,62.5289,185.5719,101.4254,112.6507
2021-08-12,120.7299,63.3984,185.7077,101.8208,111.1993
2021-08-13,119.9218,64.1198,183.5608,102.8494,111.1709
2021-08-16,119.661,63.9086,186.6105,103.1404,110.5481
2021-08-17,119.1522,62.474,190.0684,103.3095,109.3617
2021-08-18,117.3375,62.3703,187.1592,103.7375,108.5271
2021-08-19,116.0737,63.4811,188.1612,104.2091,109.5798
2021-08-20,114.431,61.8641,192.1576,104.7401,110.7043
2021-08-23,114.4895,62.0453,188.7688,105.1399,110.6442
2021-08-24,112.5066,62.0804,191.8956,104.9982,111.0689
2021-08-25,112.6818,61.3323,195.1081,105.9002,110.2068
2021-08-26,112.9937,62.0586,194.6716,105.6917,109.624
2021-08-27,113.2575,61.4999,187.8969,105.9164,108.7087
2021-08-30,114.5289,61.3239,192.7325,106.2911,108.5781
2021-08-31,114.8077,61.9359,195.7428,106.0338,115.2159
2021-09-01,115.3979,61.9975,199.3465,106.0932,116.833
2021-09-02,117.0789,62.5977,202.19,105.7918,118.7978
2021-09-03,115.5769,62.3658,203.3143,105.816,116.4254
2021-09-06,116.052,61.7259,206.1524,106.0361,116.1289
2021-09-07,116.3335,64.214,205.7999,105.9744,115.7801
2021-09-08,115.6625,63.8666,208.5485,105.6497,116.0808
2021-09-09,113.5524,64.9125,209.261,105.9453,116.5373
2021-09-10,112.3914,64.4136,206.4558,105.7565,115.5484
2021-09-13,111.069,64.3536,205.903,105.752,115.8771
2021-09-14,111.9627,63.6443,205.217,106.1534,116.2341
2021-09-15,110.6411,64.1066,208.5588,106.2361,117.4449
2021-09-16,110.6185,63.4122,207.8689,106.0354,117.3515
2021-09-17,111.4027,63.1849,205.0392,106.0928,117.8682
2021-09-20,108.6081,62.5334,202.6669,105.9153,118.6484
2021-09-21,106.4841,63.0226,202.8935,105.9199,119.1642
2021-09-22,106.8469,63.1,199.4678,106.1349,119.6839
2021-09-23,106.8166,63.2638,200.0215,106.2917,119.4049
2021-09-24,105.0732,63.9222,197.0634,106.6134,118.8768
2021-09-27,105.1904,66.0349,201.6853,106.6529,119.3115
2021-09-28,103.4892,66.3537,204.6117,106.2583,117.9734
2021-09-29,104.1715,65.6669,206.8427,106.0751,120.7531
2021-09-30,104.8595,65.9462,206.4034,105.7,119.7955
2021-10-01,104.0829,65.7806,208.2037,106.2571,119.1739
2021-10-04,102.8838,66.199,206.9592,105.983,119.9163
2021-10-05,101.6115,65.266,208.0171,106.9189,119.3164
2021-10-06,102.4111,67.1082,205.022,106.565,123.4948
2021-10-07,102.5139,66.7437,203.7615,106.7514,123.8335
2021-10-08,104.4943,66.0189,208.6449,106.738,121.8197
2021-10-11,104.4512,65.9926,213.7647,106.2692,122.8443
2021-10-12,105.6013,67.392,220.5412,106.2682,123.647
2021-10-13,105.8478,69.1249,226.6946,106.4691,124.4103
2021-10-14,106.4952,69.3658,225.8109,106.797,124.2991
2021-10-15,106.5826,68.5006,231.034,107.4824,124.7655
2021-10-18,106.6996,68.1183,231.0937,107.9364,124.1242
2021-10-19,106.2126,67.8999,226.9398,109.2935,124.2843
2021-10-20,108.1993,68.053,225.9982,109.7295,124.7943
2021-10-21,106.0981,67.5385,230.6843,109.863,122.0671
2021-10-22,105.5438,67.7479,227.436,110.2041,122.7674
2021-10-25,104.9184,68.8103,228.049,109.555,125.9326
2021-10-26,104.9741,67.6192,226.6102,110.7847,127.5996
2021-10-27,106.2307,66.8094,222.715,110.5249,128.4006
2021-10-28,106.1966,65.1995,228.2328,110.3178,129.7798
2021-10-29,105.2193,63.7453,230.7833,110.2462,130.9764
2021-11-01,104.4568,64.2726,228.3954,110.0121,134.6435
2021-11-02,105.6125,65.3047,232.3553,110.1155,134.0611
2021-11-03,105.2826,64.4402,233.3729,109.0192,134.1736
2021-11-04,106.9434,63.9047,242.1082,109.5012,134.6471
2021-11-05,107.1126,64.4841,244.0313,110.4928,136.7944
2021-11-08,105.6273,64.0649,246.6708,110.8978,136.1986
2021-11-09,105.4647,63.0961,243.5333,110.9723,137.0349
2021-11-10,102.0492,62.9841,242.1461,110.6918,135.7981
2021-11-11,101.8479,61.5496,242.5176,110.6614,135.9366
2021-11-12,102.4665,61.9355,238.3458,110.988,134.0294
2021-11-15,103.7956,61.5745,239.2796,110.2664,136.7755
2021-11-16,104.0106,61.8168,237.2249,110.6056,135.2912
2021-11-17,104.1646,62.1997,230.7153,110.6363,132.9919
2021-11-18,106.819,62.1031,233.5342,111.0789,131.7262
2021-11-19,104.882,61.982,225.3002,110.6322,130.1605
2021-11-22,105.3141,62.0504,228.3309,111.1066,129.6236
2021-11-23,104.4861,62.0705,229.1809,111.3762,127.6559
2021-11-24,104.1326,63.8536,227.1158,110.7364,127.7717
2021-11-25,104.5756,62.9293,225.8403,110.8585,129.002
2021-11-26,103.8836,62.4698,228.5608,110.5375,132.604
2021-11-29,104.4535,61.2204,226.0474,110.6998,133.3573
2021-11-30,105.6577,63.4884,228.8224,111.6095,132.5346
2021-12-01,100.5706,63.4785,227.4404,112.2214,132.4873
2021-12-02,100.4944,64.0401,233.4563,112.4432,129.8718
2021-12-03,100.6554,63.7862,236.7282,113.3775,130.0793
2021-12-06,98.7727,64.1702,236.6168,111.8958,127.3206
2021-12-07,97.2824,64.1666,235.311,112.6225,129.4983
2021-12-08,96.4271,64.1079,238.0999,112.4024,129.9083
2021-12-09,100.0584,63.756,239.7084,113.0589,130.273
2021-12-10,100.4526,65.1592,236.5489,113.4668,130.6076
2021-12-13,101.0687,64.797,238.113,113.2833,128.4976
2021-12-14,102.8315,64.7108,239.0832,113.7956,128.5138
2021-12-15,102.8202,65.8925,237.3275,114.0579,128.568
2021-12-16,101.6786,65.5183,232.2986,113.8618,129.4257
2021-12-17,101.2019,65.6861,238.0778,113.4876,131.8394
2021-12-20,100.9428,65.1623,240.1519,113.8608,132.5698
2021-12-21,101.4479,65.3963,237.8593,113.3831,132.6617
2021-12-22,101.2013,64.4579,235.9112,113.3596,131.6289
2021-12-23,101.0231,64.3037,236.3234,112.6455,133.1287
2021-12-24,101.38,64.5449,234.9342,112.9284,132.6531
2021-12-27,102.6542,64.6517,234.2651,112.8418,133.6421
2021-12-28,103.5734,64.3524,232.1061,113.1804,132.8813
2021-12-29,106.1162,65.8495,232.732,112.7129,132.2017
2021-12-30,106.5017,65.5954,231.5675,112.1804,132.0575
2021-12-31,104.3707,65.5449,228.4232,111.5278,133.2624
2022-01-03,104.6809,66.065,232.0712,110.6907,135.7742
2022-01-04,104.4231,66.4404,236.4558,110.8873,135.5591
2022-01-05,102.9925,65.8968,234.9006,111.5296,135.4436
2022-01-06,103.4662,65.9102,234.4199,112.154,136.3956
2022-01-07,102.2328,65.9081,228.1845,112.7022,134.9902
2022-01-10,102.9711,65.6839,226.1474,112.9196,135.8677
2022-01-11,101.872,66.2552,231.0478,113.2499,134.692
2022-01-12,101.3435,67.4343,230.8502,112.9928,133.7419
2022-01-13,99.7011,68.4721,227.4639,113.279,133.9132
2022-01-14,98.4863,67.8354,223.2527,112.4816,134.5704
2022-01-17,97.5344,67.584,224.7546,111.886,132.3372
2022-01-18,97.8712,67.8002,225.9701,111.5497,133.5966
2022-01-19,97.1513,67.1674,229.393,111.4756,134.8523
2022-01-20,96.5369,67.2614,232.0546,110.7985,134.0656
2022-01-21,95.1791,68.1391,228.1656,110.9468,134.5928
2022-01-24,92.1843,67.5202,229.2429,110.532,133.5143
2022-01-25,93.6373,68.2447,227.2099,110.1842,132.0196
2022-01-26,94.9138,66.5614,224.8143,110.5259,132.9755
2022-01-27,93.7425,66.4651,223.8565,109.9679,132.4359
2022-01-28,95.4019,65.4451,223.146,109.8803,133.7992
2022-01-31,95.2757,66.2366,221.142,109.6612,133.0933
2022-02-01,98.2879,65.8544,221.2475,109.9996,133.4808
2022-02-02,99.5856,64.8964,227.2913,109.5155,130.6235
2022-02-03,99.8994,65.8473,223.5877,110.2874,129.9795
2022-02-04,99.4958,65.5808,222.9092,110.7154,129.4724
2022-02-07,99.9914,65.0078,225.9157,110.7576,128.5439
2022-02-08,100.1178,64.8726,222.651,110.9443,129.4415
2022-02-09,101.7699,64.6937,227.619,110.8484,129.8869
2022-02-10,100.8075,66.3907,225.8647,110.9315,131.639
2022-02-11,100.2931,65.7881,229.4685,109.9671,132.0846
2022-02-14,101.2179,65.9334,228.1544,110.0239,129.4505
2022-02-15,101.3394,66.3157,227.6562,109.858,131.7142
2022-02-16,103.2251,66.276,225.6996,110.3619,132.1319
2022-02-17,106.0095,67.6783,230.4093,110.292,132.8647
2022-02-18,103.6231,66.7612,224.7004,110.2837,132.7381
2022-02-21,103.7542,67.7788,224.8728,110.3036,134.2842
2022-02-22,105.7881,67.0167,225.2758,110.0562,133.5233
2022-02-23,106.0229,67.4499,224.1463,110.1683,134.823
2022-02-24,107.8016,67.0152,222.4528,109.9032,134.1815
2022-02-25,107.3364,67.3193,224.8151,110.2858,135.2209
2022-02-28,108.0498,66.2272,220.8631,110.325,136.3121
2022-03-01,107.8219,66.1662,224.8177,109.5852,137.0826
2022-03-02,107.9929,65.9026,228.2746,109.0731,138.3768
2022-03-03,108.006,65.7807,231.2712,109.4067,137.6663
2022-03-04,107.2131,65.6557,228.2394,108.8228,136.4779
2022-03-07,107.1884,65.9676,216.9776,108.8277,136.8977
2022-03-08,107.5059,65.9514,217.6638,108.6019,135.8814
2022-03-09,107.3997,65.3663,215.2564,109.1752,136.9556
2022-03-10,108.1693,65.1898,215.7725,108.9856,136.9936
2022-03-11,106.5541,64.8953,220.6392,108.794,137.608
2022-03-14,106.2647,64.9628,220.849,108.3252,137.3181
2022-03-15,107.9274,64.9835,219.0215,107.9007,137.7187
2022-03-16,108.2499,64.0743,219.1008,107.7717,139.5995
2022-03-17,106.5489,63.2494,218.2088,108.0443,141.7467
2022-03-18,105.6784,62.731,213.4382,108.7881,140.8095
2022-03-21,107.7748,62.1539,213.5094,108.2246,142.3213
2022-03-22,108.6129,62.0762,220.4882,108.1853,143.6569
2022-03-23,109.7687,64.0414,216.248,108.1919,143.3446
2022-03-24,108.3705,64.4741,214.3216,107.5347,143.4133
2022-03-25,108.7641,64.0425,210.9347,108.0357,142.9473
2022-03-28,108.9222,64.8685,214.1247,108.6994,141.4046
2022-03-29,107.2913,64.9353,214.212,108.3046,141.2749
2022-03-30,108.0336,65.3109,214.489,108.3577,139.5203
2022-03-31,105.2654,66.5656,216.4553,108.5667,139.4796
2022-04-01,104.5885,66.9622,215.1194,108.9151,136.7567
2022-04-04,106.6382,67.5951,216.9078,109.427,136.6277
2022-04-05,106.4516,67.1159,212.7123,108.9087,138.4201
2022-04-06,105.6535,67.4301,214.8144,108.9005,136.9251
2022-04-07,104.9007,68.4941,213.4597,108.6993,136.7304
2022-04-08,103.5581,68.0404,217.6168,108.8152,135.016
2022-04-11,102.1914,68.4232,218.6802,107.9646,136.7586
2022-04-12,102.6424,67.2288,220.0619,108.2975,136.5516
2022-04-13,103.7011,67.6902,220.5805,108.2955,135.436
2022-04-14,102.2036,67.9137,222.9658,108.9021,137.16
2022-04-15,101.8956,66.0781,215.985,108.9991,137.8032
2022-04-18,99.8747,67.7455,219.8994,108.8352,136.2585
2022-04-19,98.9128,67.4553,216.866,108.1045,135.4581
2022-04-20,100.1027,66.5886,219.0577,108.0731,134.6252
2022-04-21,99.707,67.4588,209.0033,108.104,134.0012
2022-04-22,99.1703,67.0483,202.3934,107.8654,134.101
2022-04-25,98.6168,67.2841,204.9952,107.6421,132.8009
2022-04-26,99.785,69.3769,206.5473,106.4297,130.7348
2022-04-27,100.3021,68.3991,202.8218,106.0326,128.9175
2022-04-28,99.9023,68.0312,204.2874,105.9164,127.5812
2022-04-29,101.5104,67.7885,202.8931,105.5503,129.1831
2022-05-02,104.8609,66.5125,202.0334,105.3832,130.2356
2022-05-03,105.6551,66.4793,201.0528,105.8325,131.6932
2022-05-04,105.5879,68.0451,194.945,105.702,130.4467
2022-05-05,104.7263,69.5652,192.1051,105.9102,132.1553
2022-05-06,106.5398,70.2375,188.183,105.3795,130.7311
2022-05-09,107.4708,69.4579,197.2617,104.4387,130.4914
2022-05-10,106.7887,68.58,203.856,104.5182,130.7167
2022-05-11,104.7812,67.1082,207.2953,105.0217,132.2935
2022-05-12,104.5371,67.2368,209.2614,104.4347,132.174
2022-05-13,105.4649,68.0711,204.4103,104.3486,131.8673
2022-05-16,104.0764,67.2504,200.4614,103.9306,130.2565
2022-05-17,104.0714,66.0025,201.9624,103.168,120.3155
2022-05-18,104.3555,66.4723,199.8126,103.1908,119.9008
2022-05-19,104.1994,65.721,199.8704,103.5313,118.9576
2022-05-20,103.7186,66.7183,201.2173,103.4008,118.6538
2022-05-23,101.7708,67.4315,204.0468,103.5072,117.3174
2022-05-24,101.1649,65.8781,201.6659,103.3625,116.1772
2022-05-25,101.7305,66.3663,201.6232,103.4371,118.4383
2022-05-26,104.0741,66.8049,200.23,102.9871,123.6547
2022-05-27,106.2808,66.5408,196.8453,103.2913,122.4947
2022-05-30,106.7006,66.1941,198.0951,103.47,122.1912
2022-05-31,105.4294,65.5367,195.5446,104.0888,121.519
2022-06-01,104.9961,65.3296,201.0953,104.4252,120.3385
2022-06-02,105.095,64.8114,204.2603,104.5062,120.0833
2022-06-03,105.2501,66.8296,201.6861,104.0272,120.1561
2022-06-06,104.3475,66.3666,196.5329,103.7963,120.3269
2022-06-07,103.6319,64.929,198.3128,103.9499,118.9792
2022-06-08,103.2738,64.8833,197.5217,104.2459,118.8375
2022-06-09,103.8235,64.2945,201.317,104.8029,117.1132
2022-06-10,102.1894,64.6649,207.977,105.3231,117.8061
2022-06-13,99.7661,65.1864,201.153,106.1408,118.4192
2022-06-14,100.9512,64.961,199.6643,106.694,117.3537
2022-06-15,99.6218,65.0096,206.0767,107.3524,117.0538
2022-06-16,99.6219,63.2042,203.6491,107.6068,117.6806
2022-06-17,99.9046,63.1147,199.9543,107.7726,116.9954
2022-06-20,98.1239,62.6212,195.0707,107.8643,115.9276
2022-06-21,99.0233,63.1037,194.668,107.317,115.6891
2022-06-22,99.105,62.8725,196.9627,106.3987,115.7731
2022-06-23,97.9835,62.3674,196.6688,106.5927,116.5152
2022-06-24,98.6281,62.2459,198.1902,107.5891,116.1233
2022-06-27,98.7593,61.5745,199.839,106.7443,117.4929
2022-06-28,98.2318,61.6289,202.7785,106.9724,118.996
2022-06-29,97.1668,60.6386,190.0663,105.9242,118.7067
2022-06-30,97.2783,59.7387,192.6595,106.5646,117.7909
2022-07-01,96.0026,59.5966,188.7244,106.7253,117.988
2022-07-04,97.623,59.3908,186.4377,106.9647,117.187
2022-07-05,95.6928,58.3001,189.5289,107.1874,116.0179
2022-07-06,96.9367,58.7894,190.7942,106.1588,116.4908
2022-07-07,96.9776,59.2419,192.3727,106.3257,113.7516
2022-07-08,96.3399,60.556,189.3437,106.3944,115.1934
2022-07-11,95.9504,59.0351,189.1787,106.2104,116.0367
2022-07-12,97.1826,60.0705,192.0128,106.5481,115.6917
2022-07-13,94.7164,60.2426,192.2601,107.2244,115.4932
2022-07-14,93.3424,61.1079,190.5995,107.938,113.9764
2022-07-15,92.9518,60.7365,192.0323,108.2274,116.3992
2022-07-18,91.897,61.1429,190.3472,107.3722,114.8375
2022-07-19,90.4335,60.954,189.7538,107.82,113.0514
2022-07-20,90.821,60.75,193.0723,108.0331,114.0974
2022-07-21,90.3095,61.4485,196.7601,107.8056,111.8532
2022-07-22,90.907,61.2262,198.0736,107.4892,112.3372
2022-07-25,90.3762,62.1758,199.2561,107.2222,113.0412
2022-07-26,89.2072,61.4499,198.7446,107.7012,110.9096
2022-07-27,88.3338,61.9927,194.6871,107.6235,110.7343
2022-07-28,89.1087,63.1293,193.8282,107.7148,111.4702
2022-07-29,90.4099,62.7979,192.7498,108.0748,111.3998
2022-08-01,90.9807,64.3791,190.117,108.6505,110.2671
2022-08-02,89.8258,63.655,186.8458,108.9758,109.6153
2022-08-03,90.844,62.8906,191.8708,109.0237,109.6848
2022-08-04,92.9934,63.6227,192.5565,108.9158,109.3226
2022-08-05,93.5182,60.961,189.8832,109.5005,110.3587
2022-08-08,92.8775,61.2051,191.3489,109.1866,109.4259
2022-08-09,93.323,61.6544,193.3279,108.4075,107.9148
2022-08-10,92.1212,61.8076,193.7938,108.3996,100.4991
2022-08-11,90.926,62.6559,192.7599,108.7689,103.4653
2022-08-12,91.5611,63.4316,195.1723,109.2109,103.9753
2022-08-15,93.348,62.5168,193.0443,109.2916,102.5605
2022-08-16,91.1415,64.6441,198.1226,109.8809,103.9897
2022-08-17,91.8173,66.0923,199.9863,109.805,103.2592
2022-08-18,92.8614,66.0653,194.3873,110.3539,102.9872
2022-08-19,92.1852,65.6172,191.3028,110.0624,103.1088
2022-08-22,89.9412,65.9965,193.3445,110.6243,102.0347
2022-08-23,90.6183,67.0433,192.9415,110.7518,101.7303
2022-08-24,90.6107,67.4785,193.5075,110.9621,102.4215
2022-08-25,89.7912,68.3343,192.6794,111.5417,104.9621
2022-08-26,90.6197,68.5319,191.1079,111.9654,106.2188
2022-08-29,91.4732,69.394,188.47,111.3859,107.594
2022-08-30,92.4154,70.4258,188.2425,111.359,107.9934
2022-08-31,92.3783,70.8887,186.184,111.4113,106.5255
2022-09-01,90.9889,69.6084,186.3346,111.9543,104.787
2022-09-02,90.8215,69.0587,189.3276,111.4872,105.0971
2022-09-05,88.2011,67.8364,193.7811,111.8965,104.7412
2022-09-06,88.0432,70.7473,198.345,111.5753,105.1213
2022-09-07,88.7996,69.4879,194.3635,111.8749,104.6539
2022-09-08,88.7895,70.282,196.4131,112.5105,106.3871
2022-09-09,91.0104,71.2155,197.4858,112.3534,104.9659
2022-09-12,91.3916,70.5411,194.2441,112.7144,105.5568
2022-09-13,91.3231,70.5174,191.5032,112.6645,104.5285
2022-09-14,90.8001,72.2111,188.3327,112.7923,105.0405
2022-09-15,91.1421,71.4068,188.2792,113.2452,106.0988
2022-09-16,89.707,71.4876,187.7609,112.9934,106.0386
2022-09-19,90.1369,71.9829,185.9469,112.6271,107.2508
2022-09-20,89.8829,72.3786,183.357,113.1414,106.6057
2022-09-21,88.3806,72.2617,184.5986,113.1731,105.5118
2022-09-22,89.2012,72.0413,185.2273,114.3689,107.6107
2022-09-23,90.2883,72.3782,183.3483,114.0282,111.0277
2022-09-26,91.2203,69.9082,181.8859,114.321,110.9962
2022-09-27,91.848,71.0064,186.6156,114.8694,112.631
2022-09-28,91.9979,71.1234,189.3463,115.5498,112.5323
2022-09-29,91.2192,71.5741,187.362,115.5126,112.7818
2022-09-30,91.7673,72.3173,187.7063,115.8666,110.3655
2022-10-03,91.0814,71.0026,189.8624,116.1092,111.6147
2022-10-04,91.5195,71.232,187.1009,115.4953,111.8349
2022-10-05,92.4471,71.3364,191.1825,115.7051,112.7131
2022-10-06,95.2249,70.7908,190.7815,115.5729,113.5721
2022-10-07,92.5359,70.6968,194.5027,115.4769,114.9598
2022-10-10,93.7332,71.5382,202.7207,116.2126,114.0653
2022-10-11,93.9974,72.244,207.8098,115.8364,115.8918
2022-10-12,94.1526,73.2028,204.7825,116.0139,117.8498
2022-10-13,93.7015,73.1168,204.6528,116.0361,117.5244
2022-10-14,92.5125,73.3645,203.7949,115.473,117.4707
2022-10-17,91.6704,72.8817,211.0955,115.1613,116.5849
2022-10-18,91.9748,72.7127,212.1504,115.4584,117.4563
2022-10-19,92.7381,70.8068,212.1429,115.3683,115.9171
2022-10-20,91.7136,71.0984,211.7406,115.508,114.3177
2022-10-21,90.2518,69.398,216.9756,114.7373,114.1609
2022-10-24,90.7768,69.3569,216.0869,114.8187,114.6185
2022-10-25,91.5022,71.3812,215.0622,114.1644,112.8833
2022-10-26,90.6665,71.554,213.7728,114.3571,112.8205
2022-10-27,92.4835,71.9164,215.1225,113.8736,115.5559
2022-10-28,91.3075,71.5015,218.6854,114.1234,116.4928
2022-10-31,91.7735,69.5196,215.3087,113.3256,110.354
2022-11-01,93.1794,69.4564,210.4547,112.5132,109.2785
2022-11-02,92.8906,69.1514,213.9747,112.7628,109.9482
2022-11-03,94.684,69.4615,212.054,111.6118,109.2572
2022-11-04,94.4001,70.2598,212.4142,111.9109,107.7078
2022-11-07,93.5916,69.6388,214.15,112.4598,109.8467
2022-11-08,93.9552,70.7965,210.7627,112.417,110.1339
2022-11-09,94.6739,72.8513,205.786,112.2346,106.7866
2022-11-10,93.9576,72.2273,208.8793,112.8276,106.4907
2022-11-11,94.1466,72.4884,207.1796,112.8963,106.2176
2022-11-14,94.0295,72.537,208.8072,113.1678,107.1748
2022-11-15,93.5889,71.7739,209.92,112.9222,106.5001
2022-11-16,95.2686,72.2865,214.9388,112.4775,106.3693
2022-11-17,93.8212,72.5392,209.1942,112.6462,105.3086
2022-11-18,95.9464,73.9067,209.6436,112.7878,105.3244
2022-11-21,96.1972,72.713,209.2535,112.8156,105.8899
2022-11-22,96.1801,73.7999,210.7332,112.8482,106.5626
2022-11-23,96.2583,72.2346,214.1871,113.0056,107.313
2022-11-24,96.366,70.7317,220.5201,112.2906,105.309
2022-11-25,95.6734,71.1068,219.6024,112.1214,105.5761
2022-11-28,96.4746,71.6307,219.3204,112.1866,104.8536
2022-11-29,97.1496,71.0717,220.4673,112.8586,104.9694
2022-11-30,95.903,71.1333,219.5434,112.5459,105.1006
2022-12-01,97.3502,72.4178,220.7885,112.4948,106.4395
2022-12-02,95.9618,73.5898,212.9075,112.7633,109.1927
2022-12-05,96.6318,73.1593,215.8594,112.9187,108.1905
2022-12-06,96.1374,73.4647,218.2726,112.712,108.1418
2022-12-07,97.059,73.4328,222.2983,112.0211,106.8088
2022-12-08,95.5424,71.4761,220.1152,111.6168,106.1951
2022-12-09,95.1309,71.6563,217.3289,112.3657,105.8142
2022-12-12,94.8119,71.941,218.2596,112.1447,104.8255
2022-12-13,95.2821,70.5934,221.0842,111.7107,103.731
2022-12-14,95.8912,69.87,218.278,112.6491,104.1603
2022-12-15,95.1387,70.136,216.8761,111.9127,104.1818
2022-12-16,95.063,70.3794,221.2813,112.1624,105.626
2022-12-19,95.8595,71.7176,221.9478,112.0272,104.5993
2022-12-20,95.6205,70.9718,224.4333,112.0969,104.2623
2022-12-21,95.1919,70.6388,225.9466,112.2106,105.162
2022-12-22,94.336,70.8739,228.0332,111.983,104.5905
2022-12-23,94.9606,69.7853,230.3223,111.986,105.5404
2022-12-26,97.1768,68.902,237.7749,111.4223,104.0279
2022-12-27,97.6919,68.8524,239.3511,110.6654,104.4277
2022-12-28,97.0516,68.2237,233.1058,110.9807,103.4779
2022-12-29,95.423,67.1098,233.0784,110.4793,105.85
2022-12-30,95.1907,66.3284,232.4421,111.1675,106.4114
2023-01-02,94.4051,67.1355,228.2168,111.1036,106.094
2023-01-03,97.0466,68.3951,228.5521,111.9594,104.0633
2023-01-04,95.1714,66.9413,233.2984,111.7526,105.3925
2023-01-05,96.3132,67.2132,235.7432,112.5714,105.0024
2023-01-06,92.1665,66.8967,236.8742,113.2255,105.8461
2023-01-09,93.6586,65.9561,240.4563,112.9946,107.4292
2023-01-10,94.0196,66.3487,244.8376,114.6321,107.2896
2023-01-11,91.8715,67.1785,246.8101,114.4411,108.2731
2023-01-12,92.1169,67.0648,243.9896,114.8618,109.5331
2023-01-13,93.7623,67.9059,243.0501,114.6057,109.3815
2023-01-16,94.6297,69.2422,245.7098,115.2536,108.5431
2023-01-17,94.8441,69.3767,245.7472,116.1247,106.5251
2023-01-18,93.2584,67.168,244.2713,116.1508,106.9153
2023-01-19,93.3966,66.9732,240.9764,116.9173,107.1535
2023-01-20,94.6087,67.284,243.0774,117.1481,107.7148
2023-01-23,95.9833,65.8018,241.4841,117.7448,109.6473
2023-01-24,94.9388,66.4456,240.4646,117.5947,110.5326
2023-01-25,95.3133,68.1744,237.0042,117.3688,111.2566
2023-01-26,95.478,68.7858,232.6151,115.9209,112.1817
2023-01-27,95.5622,69.3081,227.986,115.8532,111.3024
2023-01-30,97.5933,67.8765,228.6098,115.872,112.9289
2023-01-31,98.3265,67.9354,226.299,116.1015,113.8461
2023-02-01,97.3366,67.501,229.7535,115.817,113.6768
2023-02-02,97.5853,68.4748,230.9642,115.9765,114.0082
2023-02-03,95.7655,68.8013,227.0003,114.9731,114.4828
2023-02-06,94.5021,69.664,223.6344,115.4265,114.2071
2023-02-07,94.1804,69.5559,224.3683,114.9094,113.3273
2023-02-08,95.6928,69.9183,222.1719,115.8509,114.3329
2023-02-09,94.8177,69.5364,225.6318,116.8826,112.8536
2023-02-10,95.166,70.9525,223.0069,117.4067,113.0749
2023-02-13,93.5937,71.0978,224.1662,117.7495,112.391
2023-02-14,95.5334,70.0701,225.7999,117.6645,111.3289
2023-02-15,93.6574,70.6826,224.7786,116.932,112.5469
2023-02-16,93.6565,70.1252,230.5411,116.5243,112.008
2023-02-17,93.2592,69.6223,227.0425,115.9903,112.2482
2023-02-20,92.1806,69.7191,225.8096,115.5554,111.7434
2023-02-21,90.5235,68.894,224.3771,115.6273,110.7771
2023-02-22,90.981,68.9648,226.9715,115.6416,111.0112
2023-02-23,91.8653,68.8183,227.1485,114.669,110.0052
2023-02-24,91.5216,68.8958,234.1664,114.6265,109.8111
2023-02-27,92.3556,68.4389,231.6553,114.9582,110.3284
2023-02-28,92.1321,69.9122,228.3128,115.778,110.1057
2023-03-01,92.6898,70.0743,225.4327,115.9539,111.0075
2023-03-02,95.1255,70.4799,228.713,115.7327,109.4863
2023-03-03,96.3048,71.2999,227.9501,116.1509,109.9319
2023-03-06,95.0721,71.0786,228.9235,116.325,109.8967
2023-03-07,94.2457,70.923,222.2817,116.4281,108.5794
2023-03-08,95.5395,70.9792,222.3216,116.0705,110.4502
2023-03-09,96.7279,70.3446,212.6422,117.2811,110.9129
2023-03-10,95.0884,70.9613,211.3166,116.4473,109.9735
2023-03-13,96.3318,70.401,208.6978,117.1334,107.9274
2023-03-14,96.4335,70.8537,208.4432,117.0056,105.6097
2023-03-15,96.9874,70.1262,206.1326,116.6175,106.9017
2023-03-16,98.7189,70.9298,204.1371,117.4453,106.2522
2023-03-17,97.7776,70.401,204.155,116.8272,105.8
2023-03-20,98.1629,72.3234,205.9764,117.372,104.6538
2023-03-21,98.4541,72.1372,205.0982,116.5182,102.9014
2023-03-22,98.845,72.4363,202.5955,114.928,102.5331
2023-03-23,99.3812,71.967,203.166,115.4692,101.9506
2023-03-24,99.1357,71.6321,205.2867,116.7458,101.3643
2023-03-27,98.6873,71.4907,205.594,116.4125,102.5729
2023-03-28,99.1126,71.2178,204.5288,115.8522,103.3868
2023-03-29,99.2752,71.7206,203.7326,116.8071,103.3891
2023-03-30,98.9038,72.7444,200.7841,116.488,104.0767
2023-03-31,97.344,72.5924,199.9185,116.8949,103.712
2023-04-03,96.9172,71.1458,197.2746,117.3626,104.9694
2023-04-04,96.9646,70.9819,193.7909,116.9344,105.911
2023-04-05,97.4632,71.5472,195.857,117.9282,105.6355
2023-04-06,97.3109,71.8363,199.3666,118.7238,105.4858
2023-04-07,97.1205,71.8531,199.0496,118.5784,104.4775
2023-04-10,96.8086,72.1368,200.8934,118.0169,105.0278
2023-04-11,96.213,71.6725,200.4691,117.585,105.6451
2023-04-12,97.4449,71.6763,198.2812,117.9441,104.6999
2023-04-13,97.6665,71.2233,191.9631,118.4299,105.3957
2023-04-14,98.639,71.374,188.5644,118.7106,106.1253
2023-04-17,97.9391,70.8714,192.0115,118.8803,104.8947
2023-04-18,97.5071,69.4266,191.6519,118.964,103.9611
2023-04-19,97.5456,69.0139,198.4672,119.8321,103.9031
2023-04-20,97.1258,69.2474,199.8369,120.7464,104.8874
2023-04-21,97.0706,69.6444,204.7542,120.244,104.2026
2023-04-24,97.4289,69.0832,202.0442,120.7326,105.5625
2023-04-25,98.4577,70.1926,202.5015,120.3042,107.5238
2023-04-26,96.8029,71.6544,198.1908,119.7875,107.2751
2023-04-27,98.1386,71.9316,200.8808,121.1519,106.8084
2023-04-28,98.2671,71.2659,201.3626,121.4029,107.6688
2023-05-01,96.7739,71.7507,198.029,120.9265,107.8721
2023-05-02,96.5173,73.8505,194.9409,120.5539,108.5098
2023-05-03,95.6463,72.8048,199.8673,121.3243,111.3339
2023-05-04,96.2705,71.9618,195.4619,121.0039,111.2096
2023-05-05,95.8315,72.3605,192.9279,120.0046,111.6029
2023-05-08,95.347,71.1234,194.6255,119.7138,111.9703
2023-05-09,95.1036,72.7239,191.8556,119.7494,113.1564
2023-05-10,94.8169,72.9371,192.0315,120.3631,112.411
2023-05-11,97.4277,73.834,191.8227,119.7051,114.1345
2023-05-12,96.2839,73.2122,191.9796,118.3833,114.2813
2023-05-15,98.4749,72.3828,191.2166,119.4172,115.2911
2023-05-16,99.6876,72.5368,188.7367,119.3201,115.5937
2023-05-17,99.7775,71.7121,189.7987,118.5473,113.738
2023-05-18,100.7395,71.9235,192.3344,117.777,114.1448
2023-05-19,100.8634,70.9468,192.1672,116.9009,113.598
2023-05-22,100.8425,69.7357,193.1697,117.4887,116.1281
2023-05-23,99.1304,69.0953,194.3815,117.7648,115.7904
2023-05-24,98.7712,69.0993,194.1492,117.7898,117.9161
2023-05-25,100.5331,70.5883,192.3051,118.4836,117.285
2023-05-26,101.9742,70.9667,191.9662,118.3379,115.8406
2023-05-29,101.356,70.5475,191.4982,118.2918,116.7641
2023-05-30,102.633,70.4788,190.8416,118.2148,116.9905
2023-05-31,103.4358,70.8619,193.5735,117.9906,115.9927
2023-06-01,102.7877,71.4465,191.5412,117.9757,115.7232
2023-06-02,101.6578,71.2529,192.1318,118.2783,115.2999
2023-06-05,103.2279,71.8732,192.6867,118.6726,113.6469
2023-06-06,102.4608,71.6444,194.6499,118.0819,115.1815
2023-06-07,102.4544,71.3356,195.7163,117.6647,114.8647
2023-06-08,102.5207,71.7129,196.1672,116.5669,114.021
2023-06-09,101.5888,70.601,193.2779,116.601,114.3437
2023-06-12,100.4186,70.1446,190.0552,116.127,115.2905
2023-06-13,100.6623,68.588,194.5128,115.4614,116.6729
2023-06-14,100.9889,68.3093,200.0078,115.2703,115.3284
2023-06-15,101.7238,66.3531,201.5931,115.6197,114.4847
2023-06-16,101.7293,66.7753,204.0959,115.4476,114.3007
2023-06-19,101.7165,66.8512,209.592,114.7445,112.724
2023-06-20,102.7373,66.9427,208.1197,114.4222,112.5619
2023-06-21,101.9883,68.5654,207.3145,113.6181,112.9097
2023-06-22,101.906,67.341,209.6577,113.5041,111.4248
2023-06-23,100.2131,66.46,211.8886,113.1716,111.6448
2023-06-26,99.017,67.6973,214.6085,112.4771,112.5564
2023-06-27,99.8015,67.9242,213.625,112.4334,111.5223
2023-06-28,100.5176,68.8205,215.606,112.4247,111.2741
2023-06-29,101.7792,69.7276,212.8159,112.4067,111.2552
2023-06-30,99.8257,70.5279,212.6462,112.2209,112.0852
2023-07-03,99.6505,72.0599,216.5972,112.5546,113.3065
2023-07-04,99.277,73.0507,215.1253,113.1579,114.2595
2023-07-05,97.7485,72.9475,216.0752,113.4,113.8414
2023-07-06,97.6551,73.5586,215.0537,113.3365,112.8725
2023-07-07,97.1419,72.4574,212.8937,113.1418,113.1733
2023-07-10,98.4858,70.334,219.7401,113.6339,112.2181
2023-07-11,97.9483,70.2057,222.0478,113.1911,111.6695
2023-07-12,96.7528,69.9907,227.6816,113.6483,112.8336
2023-07-13,100.0569,70.193,229.0012,113.2104,111.6653
2023-07-14,101.4555,71.5718,227.787,112.7116,113.1671
2023-07-17,100.5065,73.2044,225.5674,112.5941,111.4461
2023-07-18,100.3109,72.8833,219.6413,112.0148,111.4107
2023-07-19,100.1219,73.0952,215.2454,111.9531,111.5167
2023-07-20,100.493,73.4937,213.66,112.2731,111.7489
2023-07-21,101.3556,72.909,216.14,111.6117,113.3718
2023-07-24,101.5927,72.8215,214.9192,112.7163,113.246
2023-07-25,101.2636,73.739,212.1417,112.8272,112.5803
2023-07-26,103.0546,74.3469,213.1516,112.632,110.775
2023-07-27,104.1502,75.049,214.4824,112.4782,111.0846
2023-07-28,103.3746,75.5899,210.6015,112.4526,111.4395
2023-07-31,102.0496,76.6623,207.4625,111.6446,111.8661
2023-08-01,100.6749,77.8314,207.9618,111.6219,111.2091
2023-08-02,100.9845,77.5292,204.1489,112.08,111.0077
2023-08-03,101.188,75.8005,206.3793,112.2875,112.1817
2023-08-04,100.7036,74.7365,214.9236,112.2331,111.2993
2023-08-07,102.0954,74.6514,210.9743,110.9607,112.019
2023-08-08,101.8151,74.763,211.2223,110.5149,110.9642
2023-08-09,101.3371,74.5566,213.4127,110.0799,111.0799
2023-08-10,99.403,72.6137,210.7184,109.9568,111.8437
2023-08-11,98.7871,72.8292,208.2987,109.4765,113.6462
2023-08-14,99.707,72.212,212.8207,110.4064,113.1059
2023-08-15,99.6272,74.6826,219.2346,110.4922,113.6533
2023-08-16,99.6023,73.9274,218.4372,110.221,115.089
2023-08-17,98.9203,75.6056,224.0996,110.1572,116.494
2023-08-18,98.6746,76.4647,224.3277,110.6129,115.9435
2023-08-21,98.4361,78.0012,222.9025,110.4981,116.8331
2023-08-22,97.8137,76.8679,222.9222,110.6334,117.1724
2023-08-23,98.1144,74.3156,223.9875,110.2115,116.7284
2023-08-24,97.0102,74.1166,222.2284,110.4395,116.21
2023-08-25,95.2678,74.0338,219.6453,110.71,117.5278
2023-08-28,95.9618,73.4236,214.7833,110.8837,115.2383
2023-08-29,96.4685,72.2536,211.2483,110.8006,114.4891
2023-08-30,97.1911,73.7629,208.603,110.8336,114.3755
2023-08-31,98.2133,73.6888,205.7398,110.7099,114.952
2023-09-01,97.2938,74.6243,203.3143,110.5629,114.9369
2023-09-04,98.2702,74.5387,205.986,110.8284,114.171
2023-09-05,98.5896,74.0578,209.9729,111.2281,114.1082
2023-09-06,96.7067,74.1569,210.4888,111.2587,114.8177
2023-09-07,96.6248,73.9451,214.4056,111.379,116.0015
2023-09-08,96.4841,73.5234,217.0321,112.0834,114.0678
2023-09-11,94.3834,73.661,216.7004,111.9408,114.868
2023-09-12,93.8386,72.536,218.4263,112.3671,116.7961
2023-09-13,93.8894,71.8452,227.1385,112.8926,117.3358
2023-09-14,93.2099,72.6608,223.818,112.9077,117.6751
2023-09-15,93.5098,72.3851,223.0696,113.0086,117.7849
2023-09-18,95.086,72.5061,229.0352,113.998,117.832
2023-09-19,96.3475,71.6828,226.5432,114.1701,118.1864
2023-09-20,97.5092,73.8216,228.5,113.8931,119.7959
2023-09-21,96.3714,74.2546,226.7644,113.7832,119.7324
2023-09-22,96.6139,74.4809,223.1294,113.7413,118.8899
2023-09-25,95.4574,74.9946,227.9555,114.9928,118.3015
2023-09-26,95.245,74.4867,250.0192,115.0074,117.5029
2023-09-27,96.0589,75.4098,244.6941,114.878,118.2876
2023-09-28,96.6656,76.6124,246.7431,114.5375,120.1401
2023-09-29,96.3976,76.1406,246.3082,114.0903,121.4427
2023-10-02,98.3369,75.1323,246.0791,114.3923,120.7157
2023-10-03,99.8163,75.2881,242.5749,114.4077,121.4168
2023-10-04,99.2,75.2649,247.0863,113.7971,121.0386
2023-10-05,99.5765,76.5369,251.8182,113.5859,120.5827
2023-10-06,100.1949,76.6029,254.9532,113.8894,117.9829
2023-10-09,100.037,76.4955,256.0447,113.742,117.6097
2023-10-10,98.3723,75.6302,260.2604,114.1635,116.8799
2023-10-11,97.9729,74.6148,295.2623,113.7615,115.4057
2023-10-12,97.0655,75.9835,298.3746,113.7005,115.0147
2023-10-13,96.1359,77.2212,295.73,114.1873,114.1407
2023-10-16,96.2905,76.8231,292.8673,113.8196,111.9333
2023-10-17,94.9099,77.2328,299.9556,113.2172,112.8544
2023-10-18,93.4984,75.3713,307.1768,112.9998,113.5338
2023-10-19,92.3371,75.0316,308.6038,112.2918,113.2413
2023-10-20,91.2328,75.8532,315.7367,112.0562,112.4241
2023-10-23,90.7828,76.077,313.9049,112.5425,110.1148
2023-10-24,90.8973,76.8688,317.7708,113.1418,108.7085
2023-10-25,90.0092,76.9282,324.4085,113.1462,110.2828
2023-10-26,88.6623,76.1746,316.4913,112.5216,108.8791
2023-10-27,88.8432,77.4639,324.6452,113.0454,106.7696
2023-10-30,88.4498,78.3127,323.4176,112.5437,107.3968
2023-10-31,88.5083,78.54,323.0817,111.9634,106.7281
2023-11-01,88.8492,77.9222,326.0336,112.4493,108.2239
2023-11-02,89.4827,78.7816,320.1202,111.961,109.6696
2023-11-03,87.8646,78.2775,317.0005,112.4594,109.2619
2023-11-06,88.9636,78.9786,310.8855,112.1835,109.5396
2023-11-07,88.0169,79.6268,302.9327,113.0476,108.9907
2023-11-08,88.7184,78.9807,306.8772,113.1524,110.259
2023-11-09,90.1194,77.7908,315.1767,112.0806,109.0912
2023-11-10,89.3919,77.7716,316.4987,112.5842,110.9192
2023-11-13,90.6982,78.9717,308.1436,112.9983,110.9986
2023-11-14,92.3385,79.8387,312.314,113.1649,111.7837
2023-11-15,93.0377,79.5742,316.1114,113.1614,112.9719
2023-11-16,91.8689,78.9499,312.5018,112.9058,113.2282
2023-11-17,91.5911,81.1056,317.6322,113.1206,112.3587
2023-11-20,93.2241,80.6064,322.5234,112.597,113.1393
2023-11-21,91.8753,81.2592,322.3914,112.9344,114.148
2023-11-22,91.8577,79.7357,324.2526,113.1277,113.4662
2023-11-23,93.5261,79.3952,324.4621,113.5961,112.934
2023-11-24,93.8205,77.7512,324.9364,113.3288,113.9528
2023-11-27,95.5295,76.5253,328.6744,112.7044,113.5326
2023-11-28,94.722,76.9231,321.7068,112.7437,114.24
2023-11-29,94.8902,78.916,321.4234,114.3647,114.4889
2023-11-30,94.1995,79.5516,322.8227,113.6237,113.8836
2023-12-01,93.6303,78.1237,322.2016,113.5929,116.4067
2023-12-04,92.6263,78.6981,325.7674,113.4743,118.4246
2023-12-05,91.1963,82.0841,327.1467,113.6673,119.8941
2023-12-06,91.2046,82.3275,331.7735,114.3029,119.4927
2023-12-07,91.6263,81.8428,334.9608,114.5148,119.0744
2023-12-08,93.3645,81.0912,329.2518,114.7217,122.1244
2023-12-11,94.4364,80.8548,324.8751,115.0858,122.6496
2023-12-12,94.0358,80.8192,332.8239,116.0095,122.1583
2023-12-13,93.2121,82.1119,331.9722,115.4086,124.3121
2023-12-14,93.3679,81.2837,338.9101,115.4626,126.1388
2023-12-15,91.1762,82.6,345.5626,116.1346,125.8578
2023-12-18,91.8605,83.2674,347.8827,115.8227,126.8644
2023-12-19,88.9565,81.9941,347.0011,116.4507,126.6552
2023-12-20,88.8027,83.1325,353.0894,117.2487,128.1749
2023-12-21,88.5154,84.9563,357.3336,116.9445,128.4502
2023-12-22,88.4864,84.2341,352.9644,117.7544,130.1616
2023-12-25,88.799,83.6388,357.7533,117.6067,128.7016
2023-12-26,88.3734,83.5357,350.8042,118.0579,130.3946
2023-12-27,90.8374,84.4352,346.9303,117.8327,130.9947
2023-12-28,93.132,84.9984,351.9259,118.1054,131.2543
2023-12-29,93.1006,86.6403,354.2526,117.8635,130.7928
2024-01-01,93.5316,87.4108,349.7997,118.3021,130.6152
2024-01-02,94.4909,87.6938,352.639,118.2394,133.4728
2024-01-03,94.0873,86.2999,348.5869,118.9567,135.5622
2024-01-04,94.4651,87.9252,356.2079,118.9882,135.069
2024-01-05,95.9786,85.7475,359.7661,119.6221,134.3276
2024-01-08,96.1847,86.297,361.7834,118.7963,132.9028
2024-01-09,96.2502,87.8325,371.2373,118.1855,131.6665
2024-01-10,96.3642,87.9191,368.8898,118.0449,131.4889
2024-01-11,97.1567,88.3222,372.1938,118.0558,132.936
2024-01-12,97.8364,88.2768,380.1608,118.0891,132.3623
2024-01-15,97.9153,89.2702,376.9947,118.0925,132.6954
2024-01-16,98.7423,86.5042,380.7047,118.066,134.2414
2024-01-17,97.994,85.8397,376.9386,117.933,131.5482
2024-01-18,99.9466,85.1877,381.8149,118.5447,135.3685
2024-01-19,98.7391,85.9174,370.2914,117.8075,135.708
2024-01-22,99.0645,86.6148,376.0055,118.0104,137.3081
2024-01-23,97.8459,87.3572,377.726,117.4095,136.4697
2024-01-24,98.3576,88.2894,381.46,117.2288,137.6421
2024-01-25,98.2798,87.8386,387.0499,117.1453,139.4538
2024-01-26,98.2974,88.4283,396.6684,117.0214,137.2368
2024-01-29,99.9751,87.7865,395.5107,118.2416,147.6769
2024-01-30,99.0249,87.3492,402.2082,118.3568,155.2004
2024-01-31,99.5818,85.8053,411.6565,118.6846,154.1881
2024-02-01,99.6785,86.0878,398.9561,118.6337,153.7976
2024-02-02,102.6719,84.6218,398.7339,118.6429,155.5616
2024-02-05,102.2718,83.9799,396.8064,119.1586,156.2871
2024-02-06,102.9398,84.8788,399.8956,119.0229,157.6694
2024-02-07,102.3359,85.5184,399.6206,118.8544,158.5144
2024-02-08,103.6395,86.521,409.5564,119.2322,157.3219
2024-02-09,104.0133,86.8616,408.5519,118.769,157.7587
2024-02-12,102.3597,88.2669,416.5367,118.7353,161.1533
2024-02-13,101.1407,88.0642,414.4016,118.8686,160.3643
2024-02-14,101.1157,87.6091,420.6671,119.0058,161.1559
2024-02-15,100.8049,89.0694,418.2707,119.4405,161.2864
2024-02-16,102.8295,90.8909,422.8531,119.0263,158.3857
2024-02-19,105.2693,90.2726,434.3357,119.7071,160.0871
2024-02-20,106.1301,90.9669,430.5459,119.7271,161.8742
2024-02-21,105.0179,89.7696,441.9417,120.1735,160.1033
2024-02-22,105.2841,87.7629,436.2027,119.9486,157.4854
2024-02-23,104.6723,88.5913,438.529,119.2743,156.7854
2024-02-26,105.167,87.2467,414.0387,118.9883,154.6218
2024-02-27,105.4877,86.36,427.3398,117.9129,153.0913
2024-02-28,107.1537,86.717,448.0974,117.993,154.7939
2024-02-29,104.9763,85.6262,453.852,118.2876,156.0679
2024-03-01,103.1372,86.3088,444.0144,117.5505,155.5772
2024-03-04,100.5948,85.9256,443.9305,118.1161,155.1727
2024-03-05,100.8956,84.9496,444.1591,118.0698,154.689
2024-03-06,101.2392,78.1045,444.4275,119.2609,152.1114
2024-03-07,100.8087,76.781,440.3783,119.2335,152.0139
2024-03-08,100.3879,77.4959,437.3005,119.4982,154.9688
2024-03-11,99.9502,78.4828,435.0271,119.4735,154.7701
2024-03-12,99.8442,79.6087,428.4442,119.6047,156.069
2024-03-13,100.5434,79.5067,429.4701,119.6096,152.9468
2024-03-14,101.0928,80.5645,414.0852,119.009,153.1983
2024-03-15,101.528,81.1885,402.3767,119.2453,150.233
2024-03-18,101.9557,81.6948,401.1463,119.536,153.1104
2024-03-19,99.0678,82.6574,396.3111,119.8827,154.1319
2024-03-20,97.2671,80.6255,402.017,119.5654,154.7001
2024-03-21,98.5909,80.7704,388.3991,119.9839,154.0033
2024-03-22,100.6908,81.2812,395.6878,119.9759,151.9577
2024-03-25,100.6288,82.2875,400.9169,119.3231,151.9217
2024-03-26,100.9806,82.7372,389.3041,120.0111,151.4801
2024-03-27,102.9085,83.2683,396.5945,119.8879,153.2674
2024-03-28,101.9513,84.0872,401.3593,119.6526,152.6402
2024-03-29,99.5264,84.6107,411.3226,119.5283,149.7096
2024-04-01,98.8177,84.7681,407.3359,119.9731,148.1632
2024-04-02,98.1137,85.7746,412.6016,120.816,146.0441
2024-04-03,95.4052,84.7399,405.8686,120.7489,144.662
2024-04-04,94.1436,83.7913,399.5025,121.3656,142.9493
2024-04-05,94.245,85.8064,410.6497,120.8293,140.7631
2024-04-08,94.8811,85.3874,400.4484,120.4863,141.5084
2024-04-09,92.6934,84.284,395.8351,120.3743,141.1185
2024-04-10,93.9376,85.0189,393.1786,119.8132,142.7288
2024-04-11,92.7382,83.6353,403.2169,119.8819,143.1261
2024-04-12,94.1659,84.2349,400.5017,119.5741,143.2988
2024-04-15,92.7622,84.541,404.1305,118.8977,142.7674
2024-04-16,93.0727,84.8797,403.2811,118.5679,142.2715
2024-04-17,91.9177,83.4453,403.656,117.5504,142.5401
2024-04-18,90.8289,83.3762,417.0365,117.7353,141.8151
2024-04-19,89.0798,82.5552,414.1264,117.1044,142.1551
2024-04-22,90.0974,83.4221,414.0611,116.5959,143.6998
2024-04-23,89.5514,82.6656,408.4874,116.6172,143.4499
2024-04-24,87.8452,82.2322,411.7259,116.1055,144.5032
2024-04-25,87.9931,82.7429,409.5027,115.846,144.3493
2024-04-26,91.6968,82.6922,399.2073,115.6251,143.2596
2024-04-29,90.7452,83.2528,395.4836,116.1412,143.8789
2024-04-30,91.0673,83.4535,397.8453,116.2628,144.8651
2024-05-01,91.2041,85.7302,412.5155,117.0828,143.9666
2024-05-02,89.2465,85.3379,410.4645,116.5587,145.2921
2024-05-03,89.8012,84.3638,407.6274,117.3055,143.5766
2024-05-06,88.7723,85.4648,407.4257,116.8952,143.8803
2024-05-07,90.1277,83.817,410.4548,117.7427,143.1198
2024-05-08,91.3833,84.2544,411.7395,117.4482,143.2686
2024-05-09,92.3622,82.4089,419.9132,117.7838,141.7694
2024-05-10,91.6048,83.7416,423.1717,117.2451,140.9263
2024-05-13,90.0322,82.0512,423.1356,117.3334,140.621
2024-05-14,88.8207,82.8803,418.4627,117.0467,141.6106
2024-05-15,88.0617,84.1766,425.2323,115.574,141.7241
2024-05-16,87.1258,84.5543,415.5285,115.3001,144.2624
2024-05-17,87.3322,83.9461,410.0837,115.4204,143.9278
2024-05-20,88.6164,82.9434,416.9156,114.8622,143.3364
2024-05-21,88.8719,83.7592,413.9096,114.5038,144.4448
2024-05-22,87.7257,84.7762,411.7058,114.7862,143.6038
2024-05-23,87.0489,85.532,401.2132,115.0527,143.6221
2024-05-24,86.2456,85.6647,409.2219,115.1593,141.506
2024-05-27,86.168,86.3535,409.5791,114.8153,142.0669
2024-05-28,87.0513,87.5986,413.2276,114.783,140.8635
2024-05-29,86.9046,87.7773,415.1367,114.7129,139.0352
2024-05-30,86.3018,89.2901,419.619,116.2824,138.7096
2024-05-31,87.8794,89.5905,423.4692,116.5059,138.6567
2024-06-03,88.7032,88.5191,428.3035,116.1454,141.3172
2024-06-04,88.7826,88.3438,423.5546,115.988,140.9028
2024-06-05,88.7265,86.4546,421.6971,116.3246,141.5582
2024-06-06,85.3391,87.9269,414.0286,117.4524,142.8965
2024-06-07,86.6343,87.4589,419.1184,117.3994,142.7275
2024-06-10,86.9503,86.9936,421.4966,117.6004,144.1324
2024-06-11,86.2118,87.0192,421.3784,117.6123,145.475
2024-06-12,86.9347,88.5204,423.1707,117.5221,146.1211
2024-06-13,87.2913,90.2783,426.5137,117.4956,145.3431
2024-06-14,88.3089,88.7776,422.0311,117.4374,145.6701
2024-06-17,90.7555,88.2126,412.1519,117.4739,146.0465
2024-06-18,89.5547,87.2648,402.2625,117.8652,145.4397
2024-06-19,90.4134,87.5201,402.4105,117.8592,145.5657
2024-06-20,90.2734,87.6843,406.8981,118.2038,143.8101
2024-06-21,87.8226,87.1548,402.5255,118.5306,145.2295
2024-06-24,87.6979,86.892,408.617,118.2787,146.8209
2024-06-25,87.7002,90.7714,407.8535,119.108,148.9852
2024-06-26,86.124,89.3865,415.5391,118.3682,150.3459
2024-06-27,87.2753,89.7402,423.9784,118.6005,148.462
2024-06-28,87.6455,90.2234,418.7276,118.6133,150.8155
2024-07-01,87.2809,89.3502,413.2659,118.125,150.2325
2024-07-02,87.4454,90.8151,427.52,117.2296,151.701
2024-07-03,87.34,89.4503,425.2838,117.6532,151.1656
2024-07-04,88.4406,89.9065,427.4693,118.2734,150.4393
2024-07-05,87.7876,91.4161,422.1861,117.9801,148.1031
2024-07-08,88.1948,90.1219,416.4618,117.878,148.8479
2024-07-09,87.984,90.6058,419.881,117.0908,148.128
2024-07-10,88.1144,90.8114,411.5104,117.592,148.1809
2024-07-11,88.8619,90.6187,413.0655,117.5335,146.5603
2024-07-12,87.9477,90.4116,416.2184,117.166,148.8378
2024-07-15,90.3119,88.7097,421.4745,116.9567,146.6084
2024-07-16,91.417,88.5918,415.9001,118.4241,150.0523
2024-07-17,90.0982,89.8467,407.6909,118.5434,148.8423
2024-07-18,90.3954,90.7292,411.2533,118.2595,148.915
2024-07-19,89.0972,90.5092,408.3136,118.5914,148.4231
2024-07-22,89.6371,90.4943,400.6004,118.7141,148.2274
2024-07-23,90.0823,91.4989,393.1721,118.6704,149.6761
2024-07-24,89.9402,91.1045,404.8601,118.2216,149.9777
2024-07-25,89.6505,89.198,403.0628,118.5774,151.6847
2024-07-26,89.4809,88.2255,396.3019,117.2893,152.0571
2024-07-29,90.7803,88.4816,389.8728,116.9638,151.3183
2024-07-30,91.243,87.9912,381.981,116.7108,154.1722
2024-07-31,90.8446,87.6242,377.5851,117.0529,153.1242
2024-08-01,91.2188,87.5928,376.085,116.7215,151.9414
2024-08-02,93.2101,87.6897,370.2501,117.2043,152.8715
2024-08-05,93.6852,87.4661,370.4876,116.4965,152.8243
2024-08-06,93.6602,87.7137,365.8932,116.7429,156.8631
2024-08-07,93.7781,90.382,367.0022,117.3931,159.1772
2024-08-08,93.5183,91.9748,371.7847,117.3415,159.251
2024-08-09,93.6256,92.4867,368.7426,117.226,157.4331
2024-08-12,93.9562,91.9919,377.746,117.5323,155.8363
2024-08-13,92.8846,92.2255,379.9744,117.0422,154.3065
2024-08-14,94.0604,90.9742,374.1245,116.8461,152.1502
2024-08-15,95.0154,90.2876,376.0467,116.6683,152.0027
2024-08-16,97.1467,90.4202,369.9277,116.5566,153.5086
2024-08-19,96.6782,90.3265,373.7822,117.2107,154.6058
2024-08-20,96.2864,90.1197,375.9197,117.9577,155.2914
2024-08-21,96.0587,90.2127,369.9003,117.9549,154.1948
2024-08-22,95.6724,90.6273,364.6773,118.0052,154.5144
2024-08-23,95.2909,94.4869,357.9037,118.0833,153.2952
2024-08-26,94.827,92.5267,355.5393,118.5934,154.9102
2024-08-27,96.2354,93.1254,358.3822,118.7326,156.0473
2024-08-28,97.4216,90.4677,352.7688,117.9634,156.2144
2024-08-29,98.6833,90.7651,361.1842,117.122,154.638
2024-08-30,97.6991,91.1452,361.2585,116.6222,155.1632
2024-09-02,97.4767,93.1376,365.348,116.2868,153.9064
2024-09-03,97.5192,93.6424,369.5979,116.4702,157.5561
2024-09-04,102.8571,95.0787,377.172,116.6454,158.747
2024-09-05,102.6833,97.2765,384.1619,116.9995,159.9795
2024-09-06,101.6993,97.092,380.9082,116.3924,157.9013
2024-09-09,101.5439,96.9865,384.3948,115.9275,161.6839
2024-09-10,103.8019,97.6102,388.1959,114.6914,160.3967
2024-09-11,104.2574,96.1965,395.72,115.0746,159.4887
2024-09-12,105.9801,93.9635,386.7145,115.0163,158.2408
2024-09-13,106.5195,95.7398,387.6294,115.2295,160.3156
2024-09-16,107.9194,92.1558,387.3122,115.5158,159.0535
2024-09-17,107.3771,92.4562,391.2182,115.482,157.4984
2024-09-18,107.3749,93.8087,395.7571,115.6938,159.3636
2024-09-19,107.684,93.3923,395.895,115.481,158.5646
2024-09-20,107.5138,93.0898,395.0093,115.249,160.8779
2024-09-23,108.3273,93.3972,394.8973,115.5588,159.5095
2024-09-24,108.9376,90.9857,396.8674,114.4446,156.5746
2024-09-25,107.6881,91.1159,400.766,113.5641,154.047
2024-09-26,109.0205,90.0088,393.9678,113.2933,151.8162
2024-09-27,107.5119,89.2995,399.8061,113.4153,152.0233
2024-09-30,109.5705,88.5912,399.0623,113.9154,151.454
2024-10-01,110.0644,87.861,401.2376,113.6458,151.2191
2024-10-02,109.9482,88.3043,395.1815,113.9165,152.6321
2024-10-03,110.2542,88.4584,397.5083,113.8612,153.4025
2024-10-04,109.0538,90.2137,393.8517,114.0065,153.913
2024-10-07,109.3993,89.6959,393.632,114.2823,155.476
2024-10-08,110.0291,90.2563,404.8062,114.3241,157.038
2024-10-09,112.926,91.7738,400.8719,115.2328,157.7065
2024-10-10,114.1534,91.4213,400.5197,116.1391,156.0857
2024-10-11,112.5133,91.8007,392.674,116.1043,158.6917
2024-10-14,112.1362,90.7747,396.5834,116.9614,158.3488
2024-10-15,110.6813,90.145,395.2156,117.5266,159.0084
2024-10-16,111.8145,90.6404,398.0387,117.0873,165.3332
2024-10-17,112.6875,91.4253,402.8913,117.1829,163.622
2024-10-18,113.3856,91.2488,396.5777,117.0014,173.3467
2024-10-21,111.3478,92.7607,387.8954,116.2732,177.0024
2024-10-22,111.4494,92.165,388.1161,116.1549,175.4151
2024-10-23,109.6835,93.0227,382.3096,115.6172,178.805
2024-10-24,108.0293,94.5521,381.4068,115.69,177.9936
2024-10-25,107.9194,95.176,381.3082,115.5105,175.6653
2024-10-28,108.2227,94.8724,378.4345,114.7893,174.1327
2024-10-29,108.71,93.2404,372.0413,114.0265,172.5431
2024-10-30,109.6653,92.9856,373.569,114.2538,170.5921
2024-10-31,107.4447,93.9717,377.6991,114.084,171.2546
2024-11-01,108.2991,92.114,376.4739,114.1452,168.698
2024-11-04,107.1735,90.6836,390.1397,113.6329,167.741
2024-11-05,108.5703,93.1904,391.4053,113.1936,168.5
2024-11-06,111.2108,93.373,388.4285,112.722,170.0668
2024-11-07,112.6371,92.9009,393.2974,112.2462,168.6733
2024-11-08,113.0513,91.9565,386.9077,112.3188,170.9238
2024-11-11,111.8051,90.4979,392.904,112.7742,171.7561
2024-11-12,111.819,91.514,395.2478,113.8288,172.0405
2024-11-13,113.4908,90.4066,397.9531,113.2615,169.4777
2024-11-14,113.7784,91.5649,394.8507,112.2675,169.9103
2024-11-15,114.2158,91.0887,383.4391,112.6126,172.0054
2024-11-18,114.4001,90.0551,360.322,112.0475,171.5063
2024-11-19,113.7069,92.6224,365.391,111.7825,173.3407
2024-11-20,113.386,93.7061,367.3782,111.4442,171.3918
2024-11-21,117.0425,93.3758,367.3335,111.1028,173.1286
2024-11-22,118.3786,93.6918,369.9633,110.8192,171.6495
2024-11-25,119.4977,91.8314,363.7203,109.8723,172.2221
2024-11-26,121.6972,89.6502,358.014,109.6446,166.65
2024-11-27,119.8499,90.0921,356.3447,109.9326,166.519
2024-11-28,120.5323,91.2732,361.868,110.3818,165.9321
2024-11-29,119.7386,92.7515,363.3597,110.7643,164.6057
2024-12-02,117.7853,93.0158,361.7252,110.1664,162.6167
2024-12-03,117.4114,93.1518,351.167,109.7431,164.3123
2024-12-04,117.6776,93.6406,336.9711,109.5214,163.658
2024-12-05,116.6359,93.3228,341.0465,109.0213,163.6625
2024-12-06,115.8624,93.6008,338.1888,108.9372,166.4421
2024-12-09,115.1961,95.0276,335.8182,107.8057,164.1549
2024-12-10,114.6655,94.9253,331.1164,108.2766,165.8737
2024-12-11,116.1623,97.1562,334.3892,107.5169,165.3777
2024-12-12,115.4357,97.5834,330.5241,107.5444,165.7504
2024-12-13,116.7749,97.6324,330.9632,106.9772,168.2
2024-12-16,120.2637,96.7514,329.4516,107.1759,168.792
2024-12-17,121.3897,97.728,333.6885,107.0413,169.1632
2024-12-18,121.9382,97.806,338.8995,106.9962,167.683
2024-12-19,122.2296,98.2358,337.924,106.4271,167.3914
2024-12-20,121.1777,97.7437,335.7556,105.7693,166.9042
2024-12-23,120.7499,96.1637,333.171,105.8681,164.9451
2024-12-24,119.3742,97.5437,328.055,105.8786,162.4207
2024-12-25,120.187,98.8615,328.1407,105.8644,164.7955
2024-12-26,119.6256,98.401,336.9578,105.9897,165.7301
2024-12-27,118.3848,95.5771,335.8517,105.5737,166.7325
2024-12-30,118.3033,93.8029,342.7478,105.4493,167.1846
2024-12-31,119.378,93.9618,336.0186,104.6946,167.8641
2025-01-01,117.1309,92.1828,344.0793,104.5079,168.7283
2025-01-02,115.0107,90.5154,352.0078,104.2609,167.5892
2025-01-03,116.3938,89.0901,349.3867,103.7822,167.3866
2025-01-06,117.6433,88.9633,347.1668,103.0874,165.86
2025-01-07,116.5125,88.1074,341.1346,102.7788,165.1927
2025-01-08,115.1671,88.7054,340.0999,103.0172,164.4921
2025-01-09,116.4259,90.0945,338.7641,103.202,165.3234
2025-01-10,117.093,90.7257,335.0857,103.2135,164.4822
2025-01-13,119.0993,89.774,330.8079,103.2366,161.4382
2025-01-14,119.8261,90.6286,325.4734,102.9726,161.8076
2025-01-15,120.1641,90.6014,328.7557,103.5498,161.0211
2025-01-16,118.79,89.6447,323.023,104.3699,161.645
2025-01-17,120.4849,89.2654,324.1144,104.4084,163.5265
2025-01-20,119.2927,89.0627,321.3006,104.638,161.8633
2025-01-21,121.0213,87.5949,334.2825,104.5408,162.7587
2025-01-22,124.1639,87.0295,338.2327,105.2376,160.9509
2025-01-23,122.461,86.6204,342.9594,105.2241,162.1726
2025-01-24,122.0759,86.4297,346.6632,105.3674,164.0097
2025-01-27,121.189,86.8485,347.3331,105.2847,167.0388
2025-01-28,120.9161,86.0414,351.6738,105.574,165.8433
2025-01-29,120.727,84.6465,354.3469,105.8676,165.0384
2025-01-30,121.1687,85.5798,354.1054,105.4756,160.6323
2025-01-31,123.6758,85.7531,342.5229,106.7787,158.9263
2025-02-03,122.9429,87.6961,346.8093,107.1383,157.0884
2025-02-04,123.0382,89.0804,335.7336,106.8032,156.4168
2025-02-05,123.1682,90.2342,335.6718,106.4938,156.1216
2025-02-06,125.5939,90.9703,337.9905,106.1751,155.4048
2025-02-07,127.4783,92.6788,338.6332,105.386,153.3766
2025-02-10,127.8366,92.8444,347.4758,105.9295,152.2684
2025-02-11,131.4662,94.2777,341.777,105.9843,151.416
2025-02-12,130.6976,96.3378,338.9899,106.2823,152.2818
2025-02-13,130.8874,95.8633,343.545,105.64,151.2703
2025-02-14,130.0693,93.0969,336.4295,105.7989,150.269
2025-02-17,129.2735,94.0812,329.8028,105.3295,151.6319
2025-02-18,130.9475,93.6656,336.5851,105.2366,152.9696
2025-02-19,131.2833,92.9133,333.5346,105.917,154.3999
2025-02-20,134.49,92.3393,334.498,105.3692,154.5715
2025-02-21,135.6966,93.8495,336.3822,105.9413,154.4733
2025-02-24,136.3739,92.6212,329.555,106.2342,154.9288
2025-02-25,138.0258,94.2122,327.1944,105.5371,154.9542
2025-02-26,136.7227,94.8929,327.6942,105.5468,153.6416
2025-02-27,138.0482,95.9155,335.1674,105.2208,155.3666
2025-02-28,136.5582,94.3396,331.3937,105.0863,155.7461
2025-03-03,134.796,95.6448,332.9299,104.4992,153.9054
2025-03-04,134.5487,95.0479,328.8274,104.8822,153.229
2025-03-05,133.1108,95.4205,332.8984,105.1201,155.4504
2025-03-06,133.7813,95.5708,326.1718,105.635,154.9775
2025-03-07,130.746,94.008,331.9812,105.3383,155.7536
2025-03-10,129.6372,95.9813,334.801,105.3552,153.0594
2025-03-11,129.0436,94.5796,330.6656,105.2558,152.5667
2025-03-12,128.1898,94.1118,339.102,105.179,150.0105
2025-03-13,126.6565,93.1277,338.9331,104.5853,147.8917
2025-03-14,124.7589,92.1351,344.4778,104.8311,146.1723
2025-03-17,126.8284,91.7724,350.7426,104.8733,146.4037
2025-03-18,124.8924,89.8791,349.7239,104.6636,148.5987
2025-03-19,122.2288,89.0751,354.5144,104.5129,148.4143
2025-03-20,123.9689,89.5676,364.2047,105.6162,149.6137
2025-03-21,124.5547,90.7843,360.1525,105.7825,149.8534
2025-03-24,127.189,92.1047,360.3328,106.822,151.2939
2025-03-25,127.016,91.8235,363.0911,106.0859,151.7112
2025-03-26,124.2145,90.6609,365.3014,105.8617,150.4015
2025-03-27,125.668,89.4345,363.8977,105.1861,150.3548
2025-03-28,125.1726,90.4767,360.6208,105.3077,151.6984
2025-03-31,123.7039,90.9254,358.6526,105.0967,151.611
2025-04-01,123.5142,91.1802,357.6537,105.0467,153.3943
2025-04-02,124.2533,91.0487,356.2338,104.9171,151.0667
2025-04-03,122.7949,91.266,366.0231,104.7188,150.5164
2025-04-04,121.5778,91.4341,365.5756,104.7734,150.7865
2025-04-07,120.0311,91.6646,362.967,104.4796,150.2829
2025-04-08,119.0877,89.8558,362.1619,104.1221,152.524
2025-04-09,119.6216,88.8811,376.8097,104.4313,152.6221
2025-04-10,120.7704,90.6544,379.3536,104.784,150.1178
2025-04-11,119.817,91.4327,382.1292,104.3399,150.4303
2025-04-14,120.2711,91.6217,383.4129,104.1761,149.8177
2025-04-15,119.0242,93.6574,369.72,104.2953,148.9936
2025-04-16,120.8567,93.1011,376.7441,104.0919,148.1134
2025-04-17,118.3797,94.4952,377.3778,104.1185,149.0726
2025-04-18,118.1209,96.6306,368.2518,104.0748,150.3521
2025-04-21,119.2269,94.2173,368.4507,104.2775,150.7027
2025-04-22,118.4579,94.5009,368.5531,104.3577,151.0798
2025-04-23,118.7088,94.3301,367.4108,103.8732,151.6187
2025-04-24,119.6587,93.7963,366.6189,103.7201,150.3173
2025-04-25,120.7036,94.6166,366.1466,104.1702,150.4886
2025-04-28,119.2717,94.644,356.84,103.7749,151.0972
2025-04-29,117.1755,93.163,363.4636,103.8055,155.3973
2025-04-30,117.4971,95.1777,361.1083,104.0434,156.6887
2025-05-01,116.6417,94.8396,361.9083,103.6021,157.518
2025-05-02,117.7523,95.4613,364.9003,102.8277,159.8795
2025-05-05,117.57,94.6935,362.4332,102.372,148.2291
2025-05-06,118.0337,96.2105,365.2217,102.6451,146.7932
2025-05-07,118.954,96.3746,373.9252,103.311,150.198
2025-05-08,119.2421,95.6539,379.5786,103.2415,150.553
2025-05-09,123.0704,94.9447,384.588,103.4201,152.5563
2025-05-12,126.821,95.9243,393.2843,103.6058,153.9206
2025-05-13,127.7338,95.8816,389.341,103.5077,153.1348
2025-05-14,129.9324,96.4447,397.0017,103.6684,153.214
2025-05-15,129.2365,96.0183,404.2184,103.0503,151.2466
2025-05-16,124.3211,98.1715,407.4227,103.6129,150.5286
2025-05-19,122.184,99.2556,415.0845,103.2912,149.9259
2025-05-20,123.9456,99.6436,406.675,103.8765,149.8424
2025-05-21,122.5463,100.9814,402.5355,104.0459,148.9983
2025-05-22,124.0077,101.208,399.9181,104.2177,149.5585
2025-05-23,121.8483,102.153,397.3398,104.2228,148.5196
2025-05-26,122.6246,102.1345,392.0548,104.4423,149.6873
2025-05-27,122.7446,101.2725,406.3935,105.2027,152.0216
2025-05-28,120.8627,103.3205,401.6025,105.1803,151.6746
2025-05-29,119.133,101.8287,404.0049,105.8644,153.0414
2025-05-30,120.028,101.361,409.5124,105.2582,152.4753
2025-06-02,122.1425,103.5777,408.9757,105.5154,153.77
2025-06-03,121.6768,105.4661,410.6246,104.985,149.6149
2025-06-04,120.3142,104.7646,409.5723,105.671,149.1975
2025-06-05,119.0195,105.9115,409.8556,105.6593,147.2733
2025-06-06,121.6879,105.3637,404.8152,105.7212,145.7152
2025-06-09,121.7717,103.6773,418.7291,105.1451,143.8483
2025-06-10,123.6667,102.6913,425.1763,104.4844,141.448
2025-06-11,122.3145,102.4358,427.7083,104.4575,138.519
2025-06-12,120.6838,102.6492,415.1815,104.9656,138.7055
2025-06-13,119.8383,103.2664,422.763,105.5187,138.8302
2025-06-16,119.936,102.9798,425.6971,105.7939,137.9107
2025-06-17,122.8605,103.585,427.3764,105.6028,137.2765
2025-06-18,125.558,103.0609,423.6152,105.1374,137.1466
2025-06-19,127.1689,104.6405,432.4975,105.5264,140.0152
2025-06-20,126.5064,105.9773,437.4857,105.0833,137.4905
2025-06-23,127.7634,106.4914,432.8283,105.5256,137.61
2025-06-24,129.4456,106.0561,433.5083,105.0891,138.5402
2025-06-25,130.9328,106.8595,427.8538,105.1669,137.2712
2025-06-26,130.8593,104.4207,411.6393,105.2006,135.7215
2025-06-27,133.2941,102.9736,422.7109,106.0886,136.8177
2025-06-30,134.9122,103.867,426.9163,105.9601,137.4331
2025-07-01,135.4633,103.4692,431.9082,105.4488,139.518
2025-07-02,133.5588,102.8439,439.0806,105.5986,140.7138
2025-07-03,131.9654,103.8483,434.7773,105.9448,141.9499
2025-07-04,135.657,100.8288,438.9197,105.4419,143.6055
2025-07-07,137.0731,100.9332,446.903,105.9346,141.096
2025-07-08,137.0332,101.767,440.762,105.8164,139.3062
2025-07-09,137.9158,101.1596,430.7203,106.1632,137.3504
2025-07-10,137.4237,100.358,434.6543,105.9511,135.8405
2025-07-11,137.8628,99.0296,435.0262,105.6301,135.7265
2025-07-14,140.5294,97.553,430.9559,105.696,135.9682
2025-07-15,140.0305,97.0899,426.483,104.9444,137.3753
2025-07-16,142.3723,96.4441,423.1248,104.8838,136.9947
2025-07-17,140.0307,96.1339,421.7895,105.7107,136.6764
2025-07-18,143.8735,93.9377,428.9901,105.0337,136.6944
2025-07-21,142.2127,93.3823,426.4756,105.0002,137.7805
2025-07-22,141.537,94.4583,435.852,105.1466,138.5684
2025-07-23,142.4756,93.5262,446.5982,105.4693,137.4432
2025-07-24,141.5243,95.2573,459.0384,105.8203,138.1328
2025-07-25,142.8545,95.343,460.4999,106.4873,139.804
2025-07-28,144.3993,95.1293,442.7206,106.1041,140.1953
2025-07-29,147.2137,93.9774,438.8838,106.4677,141.5208
2025-07-30,147.5719,93.2426,433.2534,106.2941,142.617
2025-07-31,147.9879,91.8392,439.3868,106.5401,140.8747
2025-08-01,144.6347,90.7846,446.1802,106.0962,139.6701
2025-08-04,143.3353,92.8148,441.4402,105.8165,138.2611
2025-08-05,142.91,91.8638,437.6102,104.8593,140.7236
2025-08-06,141.515,91.6604,435.9666,104.5706,140.3197
2025-08-07,141.6866,92.1587,424.9352,105.3148,140.1554
2025-08-08,142.5948,93.2458,426.2732,105.1762,141.9076
2025-08-11,141.731,93.8035,423.6615,104.4074,142.737
2025-08-12,141.6271,92.2999,408.6923,103.7473,143.5681
2025-08-13,143.8605,93.8684,405.246,103.5547,144.9721
2025-08-14,144.6543,94.5987,416.891,103.9159,145.8244
2025-08-15,145.9739,93.7315,412.3286,103.0536,142.8187
2025-08-18,144.5845,93.6025,414.3715,103.2098,145.2703
2025-08-19,143.693,90.5426,424.517,103.3294,147.4
2025-08-20,141.3756,90.9915,435.523,103.3654,146.4392
2025-08-21,132.5494,89.6097,425.8989,103.3319,148.3865
2025-08-22,131.3969,88.2696,420.6099,102.6784,148.9063
2025-08-25,131.9575,87.1211,419.0843,103.5597,149.3767
2025-08-26,131.1613,87.2238,417.2726,103.2134,147.6155
2025-08-27,130.7781,88.0119,423.9577,103.5287,147.8305
2025-08-28,129.0066,87.3295,434.5351,103.5539,147.4022
2025-08-29,128.2157,86.8813,427.9759,104.0128,148.7455
2025-09-01,127.9631,84.9782,424.4497,103.7515,148.1688
2025-09-02,127.3882,85.2685,416.7599,104.1374,147.7645
2025-09-03,125.7773,85.842,424.2881,104.9729,147.4693
2025-09-04,123.0591,85.9874,420.9165,105.1101,149.7901
2025-09-05,123.39,84.3146,418.3248,105.5178,148.2161
2025-09-08,123.5539,85.0237,411.1319,104.9739,149.7123
2025-09-09,120.4515,84.8893,412.5131,104.6478,147.5871
2025-09-10,119.1277,85.5856,413.314,105.1215,146.7457
2025-09-11,118.6626,84.5737,411.5029,105.364,145.3157
2025-09-12,118.0017,86.2249,415.9317,105.2959,147.4553
2025-09-15,117.2372,84.9869,412.0117,105.0292,143.8216
2025-09-16,118.4483,87.0797,409.1253,105.584,144.7765
2025-09-17,119.1822,85.1974,403.5109,104.9642,146.4175
2025-09-18,120.3767,85.2968,405.0442,104.9757,147.5411
2025-09-19,120.5265,85.7974,409.6478,104.7985,147.6372
2025-09-22,119.4114,86.9713,419.5903,104.6342,147.7029
2025-09-23,120.0234,87.5776,414.3018,104.3733,147.7492
2025-09-24,117.5856,88.4024,405.9451,104.1703,145.8913
2025-09-25,117.1436,88.1973,401.2454,104.5604,145.6275
2025-09-26,114.8898,89.8943,396.332,105.3183,143.7039
2025-09-29,114.3225,87.8585,390.9143,105.0117,140.9081
2025-09-30,115.3015,91.0874,394.4515,104.8725,143.6043
2025-10-01,116.0637,89.7328,387.4467,104.7753,145.7869
2025-10-02,114.5447,91.454,391.439,104.5002,145.2767
2025-10-03,113.4104,90.5377,391.8347,104.7971,142.9764
2025-10-06,115.2952,91.3674,381.9464,104.5324,141.1143
2025-10-07,115.985,89.8761,395.135,104.0328,141.8656
2025-10-08,115.1083,89.8889,408.4665,104.3196,145.2258
2025-10-09,116.598,91.1037,404.8307,106.7814,144.0505
2025-10-10,115.8233,90.4623,403.1712,106.8279,144.0868
2025-10-13,115.295,89.1988,399.832,107.5497,144.7205
2025-10-14,115.8772,89.1627,402.4733,108.3067,145.4187
2025-10-15,118.1863,88.4884,407.1558,107.673,145.5074
2025-10-16,122.1622,89.7677,399.2695,108.2347,143.2131
2025-10-17,122.6964,90.6251,409.1179,108.0327,140.204
2025-10-20,120.2979,89.631,407.6823,107.2227,140.8935
2025-10-21,117.5096,88.158,414.6918,107.2602,141.6623
2025-10-22,117.5863,86.5126,421.2234,107.2871,140.6194
2025-10-23,117.7276,87.9264,422.8474,106.7397,141.3119
2025-10-24,117.9976,86.5604,433.288,106.3985,142.3864
2025-10-27,117.3742,87.2128,439.4033,106.0473,140.3127
2025-10-28,117.6008,87.032,439.5826,105.8029,142.4376
2025-10-29,119.6484,87.68,437.7139,105.531,141.0367
2025-10-30,119.8879,87.2054,436.1198,105.9151,143.7334
2025-10-31,119.8736,86.4772,439.3282,106.3735,144.0601
2025-11-03,119.3811,85.3525,431.8398,106.4877,145.2359
2025-11-04,120.4102,85.7767,426.3249,106.9801,146.6944
2025-11-05,120.1598,83.7682,427.7927,106.3625,144.9177
2025-11-06,121.4208,81.8393,416.661,106.4367,145.9513
2025-11-07,121.6382,79.5395,410.2163,105.1418,147.605
2025-11-10,121.595,79.8167,407.7358,105.319,147.1269
2025-11-11,121.7198,80.9626,406.3284,105.1172,147.3733
2025-11-12,122.4354,79.8621,397.2429,104.9541,149.069
2025-11-13,122.4081,80.772,385.4758,105.2359,149.189
2025-11-14,120.9359,81.1302,390.3713,105.3493,146.2301
2025-11-17,123.2417,81.5939,391.4525,104.9333,145.3501
2025-11-18,124.6409,81.561,389.3103,105.0022,142.639
2025-11-19,122.3335,79.3383,380.5833,104.9525,141.8433
2025-11-20,122.1388,79.4642,373.8296,105.8521,142.1244
2025-11-21,121.0612,79.2309,377.988,105.7968,142.6317
2025-11-24,121.0489,80.0125,383.664,104.7419,141.1361
2025-11-25,119.3419,78.3824,383.0703,104.8783,140.3013
2025-11-26,118.4078,77.7893,373.7647,104.9009,140.8028
2025-11-27,118.5967,77.4746,369.1872,105.2665,140.6982
2025-11-28,118.6467,76.9387,367.4234,105.1062,139.7206
2025-12-01,118.3176,77.2689,370.5337,104.5331,139.2007
2025-12-02,116.2996,77.3011,368.4796,104.3433,138.7011
2025-12-03,116.6623,77.7781,368.5045,104.0547,137.251
2025-12-04,117.9308,77.116,359.2226,104.3537,135.1159
2025-12-05,119.6496,76.243,366.6717,104.8803,133.941
2025-12-08,118.795,76.4373,357.6796,104.8302,134.1447
2025-12-09,116.4253,77.767,355.1484,105.1468,133.7595
2025-12-10,116.3926,77.6788,359.1518,105.8363,132.1401
2025-12-11,116.6615,78.8665,358.8747,105.9293,133.4138
2025-12-12,117.6141,76.9043,372.3432,105.9134,127.6156
2025-12-15,117.0081,77.1894,373.2304,105.5062,127.6688
2025-12-16,116.7704,77.5019,376.4404,105.7805,128.2219
2025-12-17,118.7336,76.295,380.2577,106.1665,126.4717
2025-12-18,119.439,76.0124,387.0843,106.2314,129.1414
2025-12-19,118.1776,75.5976,392.7239,105.9687,130.2397
2025-12-22,119.3256,75.7261,395.0056,105.9027,129.2184
2025-12-23,120.112,77.3078,392.8885,106.3057,129.3417
2025-12-24,122.1519,77.132,385.8793,105.1621,129.4265
2025-12-25,123.6453,78.3449,389.8402,104.5035,129.2967
2025-12-26,121.6124,77.0895,397.9193,104.4747,128.4234
2025-12-29,121.9057,76.8795,397.4793,105.061,128.7902
2025-12-30,123.8915,76.4381,382.0633,104.7339,130.9094
2025-12-31,125.021,76.0637,376.2096,104.1799,130.1462
